startupName,founderName,website,city
6DEGREE,['NIKHIL HEGDE'],http://6degree.co/,Mumbai
91SPRINGBOARD,[],,Pranay Gupta
A S JUSTRIDE TOURS AND TRAVELS,"['VASANT VERMA', 'ABHISHEK MAHAJAN', 'AMIT SAHU', 'ASHWARYA SINGH', 'VASANT VERMA']",http://justride.in/,Bengaluru
AARAV UNMANNED SYSTEMS,"['VIPUL SINGH', 'YESHWANTH REDDY', 'SUHAS BANSHIWALA', 'NIKHIL UPADHYE']",http://aus.co.in/,Bangalore
ABRA,"['PETE KELLY', 'BILL BARHYDT']",http://goabra.com,Mountain View
ACADGILD,"['VIKALP JAIN', 'VINOD K. DHAM']",https://acadgild.com/,Walnut
ACTONMAGIC TECHNOLOGIES,"['SUMATHI KUPPUSAMY', 'MADAN GANESH VELAYUDHAM']",http://www.actoncloud.com/,Bangalore
ACTONMAGIC,"['SUMATHI KUPPUSAMY', 'MADAN GANESH VELAYUDHAM']",http://www.actonmagic.com,Bangalore
ADCOUNT TECHNOLOGIES,[],,
ADDODOC TECHNOLOGIES,"['SATYADEEP KARNATI', 'SIDDHARTHA AHLUWALIA', 'SOWRABH NRS']",http://addodoc.com/,Bangalore
ADDODOC,"['SATYADEEP KARNATI', 'SIDDHARTHA AHLUWALIA', 'SOWRABH NRS']",http://addodoc.com/,Bangalore
ADEPTO,"['CHRIS MILLIGAN', 'MICHAEL DERWIN']",https://www.goadepto.com.au,Brisbane
ADRIYO TECHNOLOGY,"['SREERAJ NAIR', 'SIDDHAARTHAN N']",http://www.proximove.com,Coimbatore
ADSPARX,"['KUNAL LAGWANKAR', 'LILESH GHADI', 'KETAN BARHATE']",http://adsparx.co,Great Neck
ADSTRINGO SOFTWARE,['MOHAN CHANDRASEKARAN'],http://adstringo.in/,Mumbai
ADSTRINGO,['MOHAN CHANDRASEKARAN'],http://adstringo.in/,Mumbai
ADVANTAGE CLUB,"['SMITI DEORAH', 'SOURABH DEORAH']",https://secure.workadvantage.in/home,Gurgaon
AEON COMPUTING,[],,
AERMED,"['ASHISH PRAKASH', 'NAISHADH SUTARIA', 'AAYUSH JINDAL', 'NANDIT PATHAK']",http://www.aermed.in/,
AGILE PARKING SOLUTIONS,"['CHIRAG JAIN', 'RASIK PANSARE']",http://www.getmyparking.com/,New Delhi
AHA TAXIS,['AMIT GROVER'],http://www.ahataxis.com/,Kanpur
AINCUBATE INNOVATIONS,[],http://www.enixta.com,Hyderabad
AISLE,['ABLE JOSEPH'],http://www.aisle.co/,Bangalore
ALCHEMY,[],http://www.alchemy.fr/spip.php?page=indexEn,Paris
ALLIZHEALTH,['CHINMOY MISHRA'],http://www.allizhealth.com/Pages/allizhealth/Home.aspx,Pune
ALMACONNECT,['SWAPNIL KHANDELWAL'],https://www.almaconnect.com/,New Delhi
ALMAMATER,"['ROHAN MALHOTRA', 'VARUN AGARWAL']",http://www.almamaterstore.in,Bangalore
ALTAIDE,[],http://www.altaide.com,Paris
AMICUS,['SETH BANNON'],http://amicushq.com,New York
AMIGOBULLS,"['MANDEEP MAKKAR', 'CHANDU SOHONI', 'POORNA NAYAK']",http://amigobulls.com,Bangalore
AMPLE WHOLESALE,"['VARUN VERMA', 'TANMAY PATIL']",http://www.buyample.com,Mumbai
ANAKAGE TECHNOLOGIES,['RAJEEV KUMAR'],http://anakage.in/,Bengaluru
ANAKAGE,['RAJEEV KUMAR'],http://anakage.in/,Bengaluru
ANAMEHA INFOMEDIA,[],https://www.wedmegood.com/,Gurgaon
ANTFARM,['RISHI KHIANI'],http://antfarm.in,Mumbai
APEIROGON TECHNOLOGIES,['BEERUD SHETH'],http://gupshup.me,Mumbai
APP STREET SOFTWARE,[],http://www.iappstreet.com,
APPILYEVER,"['RAKESH GUPTA', 'SUMIT HANDA']",https://www.appilyever.com,Hyderabad
APPLICATE IT SOLUTIONS,[],https://www.linkedin.com/company/bravemount-it-solutions-pvt-ltd,Hyderabad
APPLICATE,"['DEEPAK REWADI', 'RANJEET KUMAR']",http://www.applicatetechnology.com/,Delhi
APPLIED LIFE,['SAIREE CHAHAL'],http://sheroes.in/,Noida
APPS WWHERE SOFTWARE,[],http://www.iappstreet.com,
APPSAY,['VAIBHAV SHEWALE'],https://appsay.com,New Delhi
APPVIGIL,['TOSHENDRA SHARMA'],https://appvigil.co,Gurgaon
APPVIRALITY TECHNOLOGIES,"['LAXMAN PAPINENI', 'RAM PAPINENI']",http://www.appvirality.com/,Phoenix
APPVIRALITY,"['LAXMAN PAPINENI', 'RAM PAPINENI']",http://www.appvirality.com/,Phoenix
ARKIN NET,"['SHIV AGARWAL', 'MUKUL GUPTA', 'ABHIJIT SHARMA', 'ROHIT TOSHNIWAL']",http://www.arkin.net/,Mountain View
ARYA,"['VINAY KUMAR SANKARAPU', 'DEEKSHITH MARLA']",http://arya.ai,Mumbai
ASCEMA,[],http://www.ascema.com/solution.html,Cardiff
ASIAN TEAXPRESS PTE,"['SURESH VENUGOPALAN', 'SRIKANT SASTRI']",http://www.crayondata.com,
ASRR GUIDED TRIPS,[],http://www.6renyou.com,Beijing
AT INTERNET,['ALAIN LLORENS'],http://www.atinternet.com,Mérignac
ATHLETTO,['PRAVEEN GADPAYLE'],https://athletto.com/#!/home,Bangalore
AUDIENSE,"['ALFREDO ARTILES', 'JAVIER BURN', 'LUIS PABLO PARDO']",http://www.audiense.com,London
AUREUS ANALYTICS,"['NITIN PUROHIT', 'ANURAG SHAH', 'ASHISH TANNA']",http://www.aureusanalytics.com,Singapore
AWAAZ DE,"['TAPAN PARIKH', 'NEIL PATEL']",https://awaaz.de/,Ahmedabad
AWESUMMLY,[],http://www.awesummly.com/,Bengaluru
AZNOG,"['AMOGH MESHRAM', 'DRAGOS MIHAI DINU']",http://aznog.com/,London
AZOI,[],http://www.azoi.com,South Plainfield
AZURO,['PAUL CUNNINGHAM'],http://www.azuro.com,Santa Clara
BABYBERRY,"['BALA VENKATACHALAM', 'SUBHASHINI SUBRAMANIAM', 'DEV VIG']",http://www.babyberry.in,Bangalore
BAKERS CIRCLE INDIA,['DEV LALL'],http://www.bakerscircle.co.in/index.html,New Delhi
BANKA BIOLOO,[],http://www.bankabio.com/index.html,Hyderabad
BARGAIN TECHNOLOGIES,[],http://vantagecircle.com,Delhi
BARODA TAXI CABS,"['PANKAJ GANDHI', 'VIVEK KEJRIWAL', 'DEVANG SANGHVI']",http://oneway.cab/,Vadodara
BAXI,"['MANU RANA', 'ASHUTOSH JOHRI']",http://www.baxi.taxi/,Gurgaon
BEACONSTALK TECHNOLOGIES,['ASHISH KUMAR'],,Mumbai
BEACONSTALK,['ASHISH KUMAR'],,Mumbai
BEARDO,['PRIYANK SHAH'],http://www.beardo.in/,Ahmedabad
BELITA,"['AKSHAY JAIN', 'GARIMA JAIN']",http://belitaindia.com,Mumbai
BELONG,"['SUDHEENDRA CHILAPPAGARI', 'SAITEJA VEERA', 'VIJAY SHARMA', 'RISHABH KAUL']",https://belong.co/,Bangalore
BETAOUT INC,"['ARJUN MAHEWSHWARI', 'ANKIT MAHESHWARI', 'ARJUN MAHESHWARI', 'MAYANK DHINGRA', 'NANDINI RATHI', 'RAGHUBIR THAKUR']",http://www.betaout.com,New York
BETAOUT,"['ARJUN MAHEWSHWARI', 'ANKIT MAHESHWARI', 'ARJUN MAHESHWARI', 'MAYANK DHINGRA', 'NANDINI RATHI', 'RAGHUBIR THAKUR']",http://www.betaout.com,New York
BETTERBUTTER,['NIYAZ LAIQ'],http://www.betterbutter.in/,Delhi
BEWAKOOF,['PRABHKIRAN SINGH'],http://www.bewakoof.com/,Mumbai
BEWO,[],http://www.bewotechno.com/about_us.html,Bangalore
BHIVE WORKSPACE,"['SHESH PAPLIKAR', 'PRASHANT REDDY', 'MONNAPPA BAYAVANDA', 'RAVINDRA M.K', 'SRIDHAR VENKATARAMAN']",http://www.bhiveworkspace.com,Bangalore
BIGBASKET,"['HARI MENON', 'V.S. SUDHAKAR', 'ABHINAY CHOUDHARI']",http://bigbasket.com,Bangalore
BIGFOOT RETAIL SOLUTIONS,['SAAHIL GOEL'],https://www.kartrocket.com,
BIMADIRECT,"['CHAITANYA REDDY', 'SRINIVAS MADHAVAM', 'PRASHANT PATALAY']",http://vdeliver.in/,Hyderabad
BIRA 91,['ANKUR JAIN'],http://www.bira91.com/,New Delhi
BISKO LABS,[],,Kochi
BISKO-LABS,[],,Kochi
BITE CLUB,"['PRATEEK AGARWAL', 'SIDDHARTH SHARMA', 'PRATEEK AGARWAL', 'AUSHIM KRISHAN']",http://www.biteclub.in,Gurgaon
BITGIVING,"['FAHAD MOTI KHAN', 'ISHITA ANAND', 'ISHITA ANAND']",http://www.bitgiving.com,Delhi
BITNOMIX TECHNOLOGIES,"['MUTHUSAMY SADAIAPPAN', 'ARAVIND SADAIAPPAN', 'UMESH FERNANDO']",https://www.beinge.com,Chennai
BLACKCOTTON SOLUTIONS,[],,Mumbai
BLINGE,"['SHASHWAT GOPAL', 'POOJA DUBEY', 'SHIKHAR KHANNA']",http://www.blinge.in,Mumbai
BLOOMSKART RETAIL,['VISHWAS SHRINGI'],http://www.voylla.com,Jaipur
BLUBOX,"['DIPTI SINGLA', 'HARISH SINGLA']",http://blubox.in/index.html,Andheri
BLUE BOX MEDIA,"['PAWAS JAIN', 'DEEPANSHU KHANDELWAL']",http://www.blueboxmedia.co,Jaipur
BLUEGAPE,['SAHIL BAGHLA'],http://www.bluegape.com,New Delhi
BLUETURTLEBIO TECHNOLOGIES,"['NILESH JOSHI', 'ADHAM ALJAHMI']",http://blueturtlebio.com/,San Francisco
BODHI HEALTH EDUCATION,"['ABHINAV GIRDHAR', 'SHRUTIKA GIRDHAR']",http://www.bodhihealthedu.org/,Gurgaon
BOLLANT INDUSTRIES,['SRIKANTH BOLLA'],http://www.bollant.com,Hyderabad
BONHOMIA,"['TUHIN JAIN', 'KUNAL BHAGAT']",http://boho.bonhomiaworld.com/,Delhi
BOOKADSPACE DOTCOM,['PRAYAAG KASUNDRA'],http://www.bookadspace.com/,Ahmedabad
BOOKADSPACE,['PRAYAAG KASUNDRA'],http://www.bookadspace.com/,Ahmedabad
BOOKEVENTZ,['SHRITI JAIN'],http://www.bookeventz.com/,Mumbai
BOOKMYCAB,['AVINASH GUPTA'],http://bookmycab.com,Mumbai
BOOKYOURGAME,"['DEVI BISWAL', 'AVIJEET ALAGATHI']",http://www.byg.co.in/,Bangalore
BOOKYOURGYM FITNESS,"['DEVI BISWAL', 'AVIJEET ALAGATHI']",http://www.byg.co.in/,Bangalore
BOUNTY APP,['SATISH MEDAPATI'],http://bountyapp.in,Bangalore
BOUNTY,['SATISH MEDAPATI'],http://bountyapp.in,Bangalore
BOXMYSPACE,['PRATYUSH JALAN'],http://boxmyspace.com/,Mumbai
BRIGGE TECH,['PRASANNA JAGANNATHAN'],http://www.brigge.co/,Chennai
BROEX,"['MUKUL BHATI', 'PALLAV PANDEY']",http://broex.in/,Haryana
BROWNTAPE,"['GURPREET SINGH', 'PIYUSH GOEL']",http://browntape.com,Goa
BUILDWEALTH TECHNOLOGIES,"['AMIT MONDAL', 'BALAJI KOUSTUBHA', 'SOMIT SRIVASTAVA', 'MOHIT SHAH', 'ADITYA AGARWAL', 'TARUN KHERA', 'PRASHANT GUPTA']",https://www.wealthy.in,Bangalore
BURGER SINGH,"['KABIR JEET SINGH', 'RAHUL SETH', 'NITIN RANA']",http://burgersinghonline.com/,Gurgaon
BUTTER,"['DUNCAN MCLAREN', 'KELSEY GREENBERG', 'DAN FLANEGAN']",http://www.getbutter.me/iphone,Encinitas
CABSGURU,"['VIKASH SINGH', 'PULKIT AHUJA']",http://cabsguru.com/,New Delhi
CANVERA DIGITAL TECHNOLOGIES,"['PEEYUSH RAI', 'DHIRAJ KACKER']",http://canvera.com,Bangalore
CAPABILITI,"['SACHIN GROVER', 'MRIGANK TRIPATHI']",http://www.qustn.com,Palo Alto
CAPRICOAST HOME SOLUTIONS,['JAWAD AYAZ'],http://www.capricoast.com/,Bangalore
CARAVAN,['KUNAL SACHDEV'],http://caravancraft.com,Bangalore
CARDBACK,"['NIDHI GURNANI', 'NIKHIL WASON']",http://cardback.in,New Delhi
CAREERSTACK INNOVATIONS,[],http://www.dfizz.com/,
CAREONGO,"['YOGESH AGARWAL', 'ADITYA KANDOI', 'RITU SINGH']",http://www.careongo.com,Delhi
CARSINGH,[],http://www.carsingh.com,Bangalore
CARVENICHE TECHNOLOGIES,"['AVNEET MAKKAR', 'SARASWATHY A']",http://carveniche.com/,Bangalore
CBREX,"['GAUTAM SINHA', 'ANAND KARUNJAY']",http://www.cbr.exchange/,Mumbai
CENTERAC EMARKET PLACES,[],http://www.enterworks.com/,Sterling
CEREBRAHM INNOVATIONS,['SUBHASHINI SUBRAMANIAM'],http://www.cerebrahm.com,Bangalore
CHAAYOS,['NITIN SALUJA'],http://www.chaayos.com/,New Delhi
CHAI POINT,['AMULEEK SINGH BIJRAL'],http://chaipoint.com/,Bangalore
CHANNELYST ADVISORY SERVICES,['ANTERPREET SINGH'],http://shotang.com/,Bangalore
CHARCOAL BIRYANI RESTAURANTS,"['MOHAMMED BHOL', 'KRISHNAKANT THAKUR', 'ANURAG MEHROTRA']",https://charcoalbiryani.com,Mumbai
CHATONGO,"['RAHUL JAIN', 'PRIYANK RANKA', 'SAGAR NAGDA']",http://chatongo.com/,Mumbai
CHEFHOST,"['YIU YIN YAU', 'ABHINANDAN BALASUBRAMANIAN ""ABHI""']",http://chefhost.kitchen/,Chennai
CHEFS BASKET,[],http://www.chefsbasket.in/,Mumbai
CHRONOSPHERE TECHNOLOGIES,[],,
CHYMERA VR,"['SMEET BHATT', 'SUSHIL KUMAR']",http://www.chymeravr.com,San Francisco
CITYFURNISH,['NEERAV JAIN'],http://cityfurnish.com,Gurgaon
CITYSHOR,"['PALLAV PARIKH', 'PANKAJ PATHAK']",http://www.cityshor.com,Ahmedabad
CLEVERSHARKS,[],http://cleversharks.com,
CLODURA SYSTEMS,['SRIRAM KANNAN'],http://www.verayu.com/,Bangalore
CLONECT SOLUTIONS,"['SHAILESH AGRAWAL', 'BALAJI RAO']",http://clonect.com,Bangalore
CLOUDACAR,[],http://cloudacar.org/,
CLOUDCHERRY ANALYTICS,"['VINOD MUTHUKRISHNAN', 'SRIRAM SUBRAMANIAN']",http://www.getcloudcherry.com,Singapore
CLOUDCHERRY,"['VINOD MUTHUKRISHNAN', 'SRIRAM SUBRAMANIAN']",http://www.getcloudcherry.com,Singapore
COINTRIBE TECHNOLOGIES,"['AMIT SACHDEV', 'ROHIT LOHIA']",http://cointribe.com,
COLDWELL REALTY,"['TREY CLARK', 'NAV ATHWAL', 'RAY STURM']",http://www.realtyshares.com,San Francisco
COLLEGEDUNIA WEB,['SAHIL CHALANA'],http://collegedunia.com,Delhi
COLLEGEDUNIA,['SAHIL CHALANA'],http://collegedunia.com,Delhi
CONDIVISION SOLUTIONS,['ANUBHAV JAIN'],,Gurgaon
CONFIRM TICKET ONLINE SOLUTIONS,"['RUBEN MEILAND', 'FRANS JONKER']",http://www.ticketscript.com,Amsterdam
CONNECTABANK,"['TARUN KUMAR', 'GOPAL DHAR']",http://connectabank.com,Mumbai
CONSURE MEDICAL,[],http://www.consuremedical.com,New Delhi
COOEY TECHNOLOGIES,['MANU MADHUSUDANAN.R'],http://cooey.co.in/,Bangalore
COOKAROO FOOD NETWORK,[],http://foodnetwork.com,New York
COOKAROO,"['DARSHAN SUBHASH', 'ERAJ HASSAN']",https://www.cookaroo.in/c#/landing,Bangalore
CORPORATE WELLNESS SOLUTIONS,[],http://www.wellnesscorporatesolutions.com,Bethesda
COUPONHAAT,['VIPIN KUMAR YADAV'],https://www.couponhaat.in/,New Delhi
COURSEWAVE,[],http://www.quackenworth.com,Culver City
CRAYON DATA INDIA,"['SURESH VENUGOPALAN', 'SRIKANT SASTRI']",http://www.crayondata.com,
CREDIHEALTH,['RAVI VIRMANI'],https://www.credihealth.com/,Gurgaon
CROPIN TECHNOLOGIES,['KRISHNA KUMAR'],http://cropin.co.in/home.html,Bengaluru
CROSSAHEAD,['GAURAV WALIA'],http://www.crossahead.com/,Noida
CROWN-IT,['SAMEER GROVER'],https://crownit.in/,Haryana
CRUXIO LABS,[],,Hyderabad
CUE LEARN,['ROBBY WALKER'],http://www.cueup.com,San Francisco
CUREINSTANT,['HAMRAJ KUMAR'],https://www.cureinstant.com,Noida
CUUTIO SOFTWARE,"['JARNO WUORISALO', 'JARI PARTTI', 'SARA NIKANDER']",http://www.cuutio.com,Helsinki
CYCLOPS MEDTECH,"['NIRANJAN SUBBARAO', 'RAVI NAYAR', 'D R SRINIVAS', 'DR. SRINIVAS DORASALA']",http://www.cyclopsmedtech.com/,Bangalore
DAILYNINJA,"['ANURAG GUPTA', 'SAGAR YARNALKAR']",http://www.dailyninja.in/,Bengaluru
DAILYOBJECTS-COM,"['PANKAJ GARG', 'SAURAV ADLAKHA']",http://www.dailyobjects.com,New Delhi
DAILYOBJECTS,"['PANKAJ GARG', 'SAURAV ADLAKHA']",http://www.dailyobjects.com,New Delhi
DATAWEAVE,"['KARTHIK RAMESH', 'VIKRANTH RAMANOLLA']",http://dataweave.com,Bangalore
DAWAILELO,['ARPIT SARIN'],http://www.dawailelo.com/,Varanasi
DAYBOX,['ANKUSH GOYAL'],https://www.daybox.in/,New Delhi
DAZO,"['SHASHAANK SHEKHAR SINGHAL', 'MONICA RASTOGI']",http://dazo.in,Bangalore
DEALBERG,[],http://www.dealberg.com/,Bangalore
DEALWITHUS,['KAMAL KISHORE KUMAWAT'],http://dealwithus.co.in,
DELIGHT FOODS,"['HS SRINIVASAN', 'RAMESH KRISHNAMURTHY']",http://delightfoods.com/,Thane
DELYVER,[],http://www.delyver.com/,Bangalore
DESICREW SOLUTIONS,['SALONI MALHOTRA'],http://www.desicrew.in,Chennai
DESIGNBIDS,"['NITHISH MONSON', 'SHREYA BISHT']",http://www.designbids.in/,Bangalore
DESIGNCAFE,"['JAMES MAHLOW', 'CHRISTY MAHLOW']",http://www.interactivedesigncafe.com,Long Beach
DEYOR CAMPS,"['GAUTAM YADAV', 'DHEERAJ JAIN', 'AAKAAR GANDHI']",http://deyorcamps.com/,
DEZYRE,"['OMAIR AASIM', 'BINNY MATHEWS', 'OMAIR AASIM']",http://www.dezyre.com,Redwood City
DIL MIL,"['KJ DHALIWAL', 'JACOB ILIN', 'SUKHMEET TOOR', 'TOM JAMES HOLUB']",http://www.dilmil.co,San Francisco
DISHCO,[],http://dishco.com/,Mumbai
DOCKET TECH,[],,
DOCTOR INSTA,['AMIT MUNJAL'],http://www.DoctorInsta.com,Gurgaon
DOCTORC,"['NEEHAR CHERABUDDI', 'KARAN KURANI', 'MANSI GANDHI']",http://www.doctorc.in,Hyderabad
DOGSEECHEW,['BHUPENDRA KHANAL'],http://www.dogseechew.com/,Bangalore
DOORMINT,['NAMAN LAHOTY'],http://doormint.in/,Andheri
DOSELECT,"['ROHIT TIRKEY', 'SANKET SAURAV', 'ILIYAS SHIROL']",https://doselect.com,Bangalore
DREAMWALLETS,"['MANISH HARODIA', 'NIKHIL AGRAWAL']",https://www.dreamwallets.com/,Jaipur City
DRIVOJOY,"['VISHWANATH KOLLAPUDI', 'RAVINDRA AKELLA', 'AMAN SINGHAL']",http://www.drivojoy.com/,Bengaluru
DROPKAFFE,"['RAKSHIT KEJRIWAL', 'AMAR YASHLAHA', 'CHAITANYA CHITTA', 'LAKSHMI DASAKA']",http://dropkaffe.com/,Bangalore
DRUMS FOOD INTERNATIONAL,"['UDAY THAKKER', 'MILAP SHAH']",http://drumsfood.com/,Mumbai
DUNZO,"['MUKUND JHA', 'KABEER BISWAS', 'ANKUR AGGARWAL', 'DALVIR SURI']",http://dunzo.in/,Bangalore
E-SWASTHYA,"['U.T RAO', 'YASH SHAH']",http://eswasthya.in,Ahmedabad
EASY ROADS TECHNOLOGIES,['SACHIN PARIKH'],http://easyroads.co,Mumbai
EASY ROADS,['SACHIN PARIKH'],http://easyroads.co,Mumbai
EASYREWARDZ,[],,Mumbai
EATLO,"['RAHUL HARKISANKA', 'SAI PRIYA MAHAJAN']",http://eatloapp.com/,Bangalore
EATONGO,[],http://www.eatongo.in/,Bangalore
ECOCENTRIC,[],http://www.ecocentric.fr,
EDABBA,"['SATYENDRA SHUKLA', 'SAURABH B CHADHA']",http://edabba.com,Mumbai
EDGEFX TECHNOLOGIES,[],http://www.edgefxkits.com,Hyderabad
EDUORA,['NAGARJUN PALAVALLI'],,Bengaluru
EKSTOP,[],http://www.ekstop.com,Mumbai
ENDLESS ROBOTICS,['SRIKAR REDDY'],http://endlessrobotics.com/,Hyderabad
ENNATURA TECHNOLOGY VENTURES,"['SIDHARTHA KUMAR BHIMANIA', 'KRISHNA GOPAL SINGH']",http://ennatura.com/,New Delhi
ENROUTO,['BHARGAVI DESAI'],http://enrouto.com/,Mumbai
ENTROPIK,"['RANJAN KUMAR', 'BHARAT SINGH']",http://entropika.space/,Bengaluru
ENTROPIKA,"['RANJAN KUMAR', 'BHARAT SINGH']",http://entropika.space/,Bengaluru
ENVOGED,"['MANISHA BARNWAL', 'ANANDITA SINGH', 'SAAHIL NARANG']",http://www.envoged.com/,Mumbai
EPAATHSALA,[],http://epaathsala.com/,Bangalore
EPOISE,"['SACHIN AGRAWAL', 'BISHAN SINGH']",http://www.epoise.com/,Bangalore
EPUJA,['SHIVA KUMAR'],http://epuja.co.in/,Bangalore
EQUICKES,[],http://equickes.com/,Ahmedabad
EREASONING,['TIM ESTES'],http://digitalreasoning.com,Franklin
ERELEGO-DIGI-MEDIA--LTD,[],,Bangalore
ETOWN INDIA SERVICES,[],http://etownkovilpatti.com,Kovilpatti
EUREQA,"['BHARGAVA CHITTAMURI', 'BADRI NITTOOR']",http://www.sayeureqa.com,Cherry Hill
EVENTUS SOFTWARE,[],http://eventjini.com/,Chennai
EVIBE,"['SWATHI BAVANAKA', 'ANJANEYULU REDDY']",http://evibe.in,Bangalore City
EXOTEL,['SHIVAKUMAR GANESAN'],http://exotel.in,Bangalore
EXTRAAEDGE,"['ABHISHEK BALLABH', 'SUSHIL MUNDADA']",http://www.extraaedge.com,Noida
EZETAP,"['SHRIPATI ACHARYA', 'SANJAY SWAMY', 'ABHIJIT BOSE', 'BALA PARTHASARATHY', 'BHAKTHA KESHAVACHAR']",http://www.ezetap.com,Bangalore
EZYTRUK,['SRIKANTH M'],http://www.ezytruk.com/,Bengaluru
FAAYA,[],http://faaya.in,
FABALLEY,"['SHIVANI PODDAR', 'TANVI MALIK']",http://faballey.com,Noida
FACTORDAILY,"['JAYADEVAN PK', 'TITASH NEOGI', 'PANKAJ MISHRA']",http://factordaily.com/,Bangalore
FAREYE,"['GAUTAM KUMAR', 'GAURAV SRIVASTAVA', 'KUSHAL NAHATA']",http://www.getfareye.com/,New Delhi
FASHIONABLYIN,"['SID LAKHANI', 'TARUN THADANI']",http://www.fashionablyin.com/,London
FASTACASH,"['MICHAEL WEE', 'SHANKAR NARAYANAN']",http://fastacash.com,Singapore
FASTUDENT,[],http://www.fastudent.com/,Noida
FEETAPART,"['ABHISHEK ROY', 'ASHRITH GOPALAKRISHNA']",http://feetapart.com/,Bangalore
FINDMYSTAY,['ROHIT KHETRAPAL'],http://www.findmystay.com,New Delhi
FINDURCLASS,"['RINA NATHANI', 'AAKASH JETHWANI']",http://www.findurclass.com,Mumbai
FINGERLIX,['SHREE BHARAMBE'],https://www.fingerlix.com/,Pune
FIRST-TOUCH,[],,Oxford
FIRSTCRY,"['SUPAM MAHESHWARI', 'AMITAVA SAHA']",http://www.firstcry.com,Pune
FISDOM,"['SUBRAMANYA VENKAT', 'ANAND DALMIA', 'SUBRAMANYA S.V.', 'RAMGANESH IYER']",http://www.fisdom.com/,Bangalore
FITCIRCLE,"['MIHIR GADANI', 'AARTI GILL']",http://www.fitcircle.in/,Mumbai
FITRAQ SERVICES,['SIDDHARTH RAMPAL'],https://fitraq.com/,Delhi
FITSO,"['NAMAN SHARMA', 'SAURABH AGGARWAL', 'RAHOOL SUREKA']",http://www.getfitso.com,Gurgaon
FIXINNOV TECHNOLOGY,[],http://www.nethues.com/,New Delhi
FIXNIX,"['SUBRA P', 'SHANMUGAVEL SANKARAN']",http://FixNix.co,Fremont
FIZZY FOODLABS,[],http://www.chefsbasket.in/,Mumbai
FLAGSHIP PIONEERING,[],,Noubar Afeyan
FLASH DOOR,"['ANKIT AGARWAL', 'HIMANSHU GUPTA']",http://www.flashdoor.in/,Bangalore
FLASHDOOR INTERNET SERVICES,"['CHETAN ANAND', 'SHASHVAT TRIPATHI', 'ANURAG PRASAD', 'VAIBHAV SINGH']",https://getvisitapp.com,New Delhi
FLATFURNISH,"['JYOTI GOYAL', 'JEETESH AGRAWAL']",http://flatfurnish.com,Gurgaon
FLATPEBBLE,[],,
FLEXING IT SERVICES,['CHANDRIKA PASRICHA'],http://www.flexingit.com,New Delhi
FLEXING IT,['CHANDRIKA PASRICHA'],http://www.flexingit.com,New Delhi
FLICKBAY,['TRISHANT SIDHWANI'],http://flickbay.com/,Mumbai
FLINTO,[],http://flinto.com,San Francisco
FLIPCLASS,['VINEET DWIVEDI'],http://www.flipclass.com/,Bangalore
FLYROBE,"['PRANAY SURANA', 'TUSHAR SAXENA', 'SHREYA MISHRA']",http://flyrobe.com/,Mumbai
FOOTPRINTS CHILDCARE,"['ASHISH AGGARWAL', 'RAJ SINGHAL', 'PURVESH SHARMA']",http://www.footprintseducation.in/,Haryana
FORTHEA INTERACTIVE MARKETING,[],http://www.forthea.com,Houston
FOURSEVEN,['REBEKKAH KUMAR'],http://www.fourseven.in,Gurgaon
FOURTH PARTNER ENERGY,"['SAIF DHORAJIWALA', 'VIVEK SUBRAMANIAN', 'VIKAS SALUGUTI']",http://fourthpartner.co/index.html,Hyderabad
FRAMEBENCH TECHNOLOGIES,"['VINEET MARKAN', 'ROHIT AGARWAL']",http://framebench.com,Pune
FRAMEBENCH,"['VINEET MARKAN', 'ROHIT AGARWAL']",http://framebench.com,Pune
FREEDOM SMART LABS LTD,['YOGESH HUJA'],http://www.freedomsmartlabs.com/,Gurgaon
FREEDOM,['BRADFORD STROH'],http://freedomfinancialnetwork.com,San Mateo
FRESHBOXX,['ROHAN KULKARNI'],http://www.freshboxx.in/,Hubli
FRESHMENU,['RASHMI DAGA'],http://freshmenu.com/,Bengaluru
FRESHNV,[],,
FRESHTOHOME,['SHAN KADAVIL'],http://www.freshtohome.com,Bangalore
FRESHWORLD,['RAJIV RAO'],http://www.freshworld.in/,Bangalore
FRILP,"['SENTHIL KANTHASWAMY', 'SHANMUGA ANANDARAMAN', 'ANISH DEENADAYALAN']",http://frilp.com,Chennai
FROYOFIT,[],http://froyofit.com,Indore
FRROLE,"['AMARPREET KALKAT', 'NISHITH SHARMA', 'ABHISHEK VAID']",https://frrole.ai,Bangalore
FRSH,['BADAL GOEL'],http://frsh.com/,Gurgaon
FULFIL,"['SHAROON THOMAS', 'RITUPARNA PANDA', 'TARUN BHARDWAJ', 'PRAKASH PANDEY']",https://www.fulfil.io/,Toronto
FUNDAMENTOR,"['BHARGAVI A.R', 'ANKUR VOHRA']",http://www.fundamentor.com/,Pune
FUNFINITY LEARNING SOLUTIONS,[],,Gurgaon
FXKART,['MUSHTAQ SHAH'],http://fxkart.com,Bengaluru
FYLE TECHNOLOGIES,"['YASHWANTH MADHUSUDAN', 'SIVARAMAKRISHNAN NARAYANAN']",http://www.fyle.in,Bengaluru
FYND,"['ALBERT TIRTOHADI', 'JACK LEOW']",http://www.getfynd.com,Singapore
GADGETWOOD ESERVICES,"['ANKIT SARAF', 'JAYANT JHA', 'ANMOL GUPTA']",http://www.gadgetwood.com/,New Delhi
GADGETWOOD,"['ANKIT SARAF', 'JAYANT JHA', 'ANMOL GUPTA']",http://www.gadgetwood.com/,New Delhi
GAIA SMART CITIES,"['BIPIN PRADEEP KUMAR', 'SUMIT D. CHOWDHURY']",http://www.gaiasmartcities.com/,Mumbai
GALLERI5 TECHNOLOGIES,"['RAHUL REGULAPATI', 'MOVIN JAIN']",https://galleri5.com,Bangalore
GALLERI5,"['RAHUL REGULAPATI', 'MOVIN JAIN']",https://galleri5.com,Bangalore
GAMEVEE,['JASON BRADICICH'],http://www.gamevee.com,San Francisco
GAMEZOP,"['YASHASH AGARWAL', 'ASHISH ANAND', 'GAURAV AGARWAL']",http://www.gamezop.co/,New Delhi
GAPOON,"['APOORVA MISHRA', 'ANKIT BINDAL', 'ANKITA ASAI']",http://www.gapoon.com,Bangalore
GARAGEPRENEURS INTERNET,['ROHIT BAGARIA'],http://budli.in,Bangalore
GCI VENTURE PARTNERS,[],,
GETVEE TECHNOLOGIES,"['NITIN GUPTA', 'NITIN GUPTA']",http://www.getvee.com,Noida
GETYANA,"['RAHUL GUPTA', 'AASHISH GUPTA', 'ANKIT SHARMA']",http://getyana.com/,Gurgaon
GIGSTART,"['ATIT JAIN', 'MADHULIKA PANDEY']",http://www.gigstart.com,New Delhi
GIJUTSU SOLUTIONS,['ADITYA JULKA'],http://www.inbiopro.com/,Bangalore
GINERGERCRUSH,"['SAUMYA NIDHI', 'RAJVI MAKOL']",http://www.gingercrush.com/,Vadodara
GINGR TECH,['MARK TRACY'],,Boulder
GINGR,"['HIMANSHU BAMORIA', 'SAGAR CHANDNA']",http://www.gingr.me,Gurgaon
GLADIRIS TECHNOLOGIES,[],http://www.spiderg.com,Pune
GLAM ONLINE,"['SADIYA NASEEM', 'DARAKHSHAN HUSAIN', 'FEEROZ KHAN']",http://www.glamstudios.in/,Noida
GLAM STUDIOS,"['SADIYA NASEEM', 'DARAKHSHAN HUSAIN', 'FEEROZ KHAN']",http://www.glamstudios.in/,Noida
GLASSBEAM,"['KUMAR MALAVALLI', 'PUNEET PANDIT']",http://www.glassbeam.com,Santa Clara
GLOBAL EDU4SHARE,[],,New Delhi
GOBUMPR,"['NANDHA KUMAR RAVI', 'KARTHIK VENKATESWARAN', 'SUNDAR NATESAN']",https://gobumpr.com,Mylapore
GODEL TECHNOLOGIES (JUSTDOC),"['ABHISHEK KUMAR', 'VIKASH SINGH', 'JUGAL ANCHALIA']",https://justdoc.com/,Bangalore
GODEL TECHNOLOGIES,"['ABHISHEK KUMAR', 'VIKASH SINGH', 'JUGAL ANCHALIA']",https://justdoc.com/,Bangalore
GOLDVIP TECHNOLOGY SOLUTIONS (CROWN-IT),['SAMEER GROVER'],https://crownit.in/,Haryana
GOLDVIP TECHNOLOGY SOLUTIONS,['SAMEER GROVER'],https://crownit.in/,Haryana
GOODBOX,"['CHARAN SHETTY', 'MOHIT MAHESHWARI', 'MAHESH HERLE', 'ANAND KELAGINAMANI', 'NITHIN CHANDRA', 'ABEY ZACHARIAH', 'MAYANK BIDAWATKA']",http://goodbox.in,Bengaluru
GOQII,['VISHAL GONDAL'],http://goqii.com,Menlo Park
GOYANO,"['GAURAV SINGH', 'NITIN SHARMA', 'GAURAV SINGH']",http://www.goyano.com/,Gurgaon
GRAB A GRUB SERVICES,"['JIGNESH PATEL', 'PRATISH SANGHVI', 'NISHANT VORA']",http://www.grab.in,Mumbai
GRAB,"['TAN HOOI LING', 'ANTHONY TAN']",https://www.grab.com/,Midview City
GRAVIKY,['NITESH KADYAN'],http://graviky.com,Bangalore
GRAY ROUTES INNOVATIVE DISTRIBUTION,"['SAPNA PATEL', 'SOUBHAGYA SAHOO']",http://www.grayroutes.in,Mumbai
GRAY ROUTES TECHNOLOGY,"['SAPNA PATEL', 'SOUBHAGYA SAHOO']",http://www.grayroutes.in,Mumbai
GREAT INDIAN NAUTANKI COMPANY,[],http://kingdomofdreams.in,New Delhi
GREENOPIA,"['DEVYANI JAIN', 'MAYUKHINI PANDE', 'MANI HK']",http://thegreenopia.com/,Bangalore
GREY ORANGE ROBOTICS,"['WOLFGANG HOELTGEN', 'AKASH GUPTA', 'SAMAY KOHLI']",http://www.greyorange.com/,Singapore
GREYMETER SERVICES,"['DHEERAJ ANAND', 'AMAN GARG', 'NINGNING NIUMAI']",http://greymeter.com,New Delhi
GREYMETER,"['DHEERAJ ANAND', 'AMAN GARG', 'NINGNING NIUMAI']",http://greymeter.com,New Delhi
GROWFITTER,['SANMATI PANDE'],http://www.growfitter.com/,Mumbai
GUIDDOO WORLD TRAVELS,"['PRASHANT CHOUDHARY', 'NIDHI VARMA', 'DARSHAN SHARMA', 'VINEET BUDKI']",http://www.guiddoo.com,Mumbai
GUIDDOO WORLD,"['PRASHANT CHOUDHARY', 'NIDHI VARMA', 'DARSHAN SHARMA', 'VINEET BUDKI']",http://www.guiddoo.com,Mumbai
GYMTREKKER FITNESS,[],http://www.olygo.in,New Delhi
HACKEREARTH,"['VIVEK PRAKASH', 'SACHIN GUPTA']",https://www.hackerearth.com,Bangalore
HANSEL SOFTWARE,"['VARUN RAMAMURTHY DINAKAR', 'PARMINDER SINGH', 'MUDIT KRISHNA MATHUR']",http://hansel.io/#/home,Bangalore
HANSEL,"['VARUN RAMAMURTHY DINAKAR', 'PARMINDER SINGH', 'MUDIT KRISHNA MATHUR']",http://hansel.io/#/home,Bangalore
HAPPY HAKKA,"['GAUTAM GHAI', 'KELLY DYER']",http://www.sourcefuse.com,Atlantic Beach
HAPPY HENS,"['JAY RENO', 'JAKE MALONE', 'SARAH BARTLEY']",http://happyanyhour.com,New York
HARNESS HANDITOUCH UK  LTD,[],https://uniobyharness.com,London
HASH EDUCATION,[],http://dfoeindia.com/,Bangalore
HASH,"['ALBERTO VERA', 'LUIS LOAIZA', 'MAYER MIZRACHI', 'JOSEPH MATALON']",http://www.hash.me,Miami
HASHCUBE,[],,
HASHLEARN,[],http://now.hashlearn.com/,Bangalore
HATCHERY SOFTWARE,"['RANJAN BAISAK', 'BANDITA BAISAK']",,Bangalore City
HAYGOT EDUCATION,['AYUSH GHOSH'],,
HEAD HELD HIGH SERVICES,"['SUNIL SAVARA', 'MADAN PADAKI', 'RAJESH BHAT']",http://head-held-high.org,Bangalore
HEADOUT,"['VARUN KHONA', 'SUREN SULTANIA', 'VIKRAM JIT SINGH']",https://www.headout.com,Mountain View
HEADSPIN INC,"['MANISH LACHWANI', 'BRIEN COLWELL']",http://www.headspin.io,Mountain View
HEAL,"['JASON SHAFTON', 'DR RENEE DUA', 'NICK DESAI']",http://www.getheal.com/,Century City
HEALTHEMINDS SOLUTIONS,['ANKITA PURI'],http://www.healtheminds.com/,Bangalore
HEALTHIFYME WELLNESS PRODUCTS AND SERVICES,"['SACHIN SHENOY', 'TUSHAR VASHISHT']",http://healthifyme.com/,Bangalore
HEALTHIFYME,"['SACHIN SHENOY', 'TUSHAR VASHISHT']",http://healthifyme.com/,Bangalore
HELLO CURRY,"['RAJU BHUPATI', 'SANDEEP PENMATSA']",http://hellocurry.in/,Hyderabad
HELLO TAX,['HIMANSHU KUMAR'],http://www.hellotax.co.in/user/index,New Delhi
HELPINGDOC,['AMIT BANSAL'],http://www.helpingdoc.com,New Delhi
HIGH CITY RETAIL,[],http://www.risingcity.co.in,Mumbai
HIKE,['KAVIN BHARTI MITTAL'],http://get.hike.in,New Delhi
HIPPILY TECHNOLOGY,"['PRAJAKT DEOLASEE', 'VISWANATH RAMACHANDRAN']",http://hippily.com/,Mumbai
HIPPILY,"['PRAJAKT DEOLASEE', 'VISWANATH RAMACHANDRAN']",http://hippily.com/,Mumbai
HIPPOCAMPUS LEARNING CENTRES,['UMESH MALHOTRA'],http://www.hlc.org.in,Bangalore
HIPSHIP,['ANKIT SETHIA'],https://www.hipship.com/,Bangalore
HIREE,"['ABHIJIT KHASNIS', 'MANJUNATH TALWAR']",https://hiree.com,Bangalore
HITWICKET,['KASHYAP REDDY'],http://hitwicket.com,Hyderabad
HMS-HOLDINGS,['HOLLY RIMMASCH'],http://www.hms.com,New York
HOLACHEF HOSPITALITY,"['ANIL GELRA', 'SAURABH SAXENA']",http://www.holachef.com/,Mumbai
HOLACHEF,"['ANIL GELRA', 'SAURABH SAXENA']",http://www.holachef.com/,Mumbai
HOLAMED HEALTHCARE TECHNOLOGIES,[],,
HOLIDIFY TRAVELS,"['SANKALP AGARWAL', 'SANCHIT GARG', 'PRABHAT GUPTA']",http://traveltriangle.com,Charlottesville
HOLIDIFY,['ROHIT SHROFF'],http://www.holidify.com,New Delhi
HOPNSCOTCH TECHNOLOGIES,[],http://seeksherpa.com,New Delhi
HORNTELL,['MOHIT MAMORIA'],http://horntell.com,Gurgaon
HOSTING-COM,[],http://www.hosting.com,Denver
HOTELSAROUNDYOU,"['HARSHA NALLUR', 'MOHSIN DINGANKAR', 'ANIMESH CHAUDHARY']",https://www.hotelsaroundyou.com,Mumbai
HOUSEJOY,"['ARJUN KUMAR', 'SUNIL GOEL']",http://www.housejoy.in/,Bengaluru
HOUSSUP SERVICES,"['HEMANT SINGH', 'RAGHAV MUNDRA', 'DEVENDRA BAGHEL', 'SAMEERA Y V S']",http://www.houssup.com/,Jaipur
HOUSSUP,"['HEMANT SINGH', 'RAGHAV MUNDRA', 'DEVENDRA BAGHEL', 'SAMEERA Y V S']",http://www.houssup.com/,Jaipur
HUGEFLY TECHNOLOGIES,"['DHRUV CHAUDHARI', 'AMIT CHAUDHARI']",http://hugefly.com/,Pune
HUNGAMA,[],http://www.hungama.org,Mumbai
HUNTSHIRE RECRUITMENT SOLUTIONS,[],http://www.huntshire.com,Bangalore
I7 NETWORKS,"['SACHIN SHELAR', 'MANJUNATH M GOWDA', 'CHANDRA SHEKAR', 'GEETA GOURI']",http://www.i7nw.com,Bangalore
IAUGMENTOR,"['ARINDAM SEN', 'ANKIT RUIA', 'SAMEER SIKKA', 'PRATIK MARWAH', 'SARVAGYA MISHRA']",https://www.iaugmentor.com/,Gurgaon
IBUS,[],,
IDEOPE MEDIA,[],http://www.serpholic.com,Gurgaon
IESOFT TECHNOLOGIES,['KANWALJEET SINGLA'],,Hyderabad
IGRENENERGI SEMICONDUCTOR,"['SUNIT TYAGI', 'JITEN APTE', 'SUJIT DEY', 'HEMANSHU BHATT']",http://www.igrenenergi.com/,Bangalore
IIMJOBS,[],http://www.iimjobs.net,
IKAAZ,['SOMA SUNDARAM'],http://ikaaz.com,Bangalore
IKURE TECHSOFT,['SUJAY SANTRA'],http://ikuretechsoft.com,Kolkata
IMAGEPROVISION,[],http://www.imageprovision.com/,Pune
IMAGINATE,['JEAN MATHEWS'],http://www.imaginate.in,Hyderabad
IMARTICUS-LEARNING,"['NIKHIL BARSHIKAR', 'SONYA HOOJA']",http://imarticus.org/,Mumbai
IMEDILANE,['SHAKTI ANAND'],https://imedilane.com,New Delhi
IMMERSION ONLINE SERVICES,[],,
INAYO,"['RAUNAK JAIN', 'ABHISHEK SINHA', 'PURNA CHANDRA PATRO']",http://www.inayo.in/,Mumbai
INCRED FINANCE,['BHUPINDER SINGH'],http://www.incred.com/,Mumbai
INDI,[],,
INDIALENDS,"['GAURAV CHOPRA', 'MAYANK KACHHWAHA']",https://indialends.com/,New Delhi
INDIANGIFTSPORTAL,[],https://www.igp.com,Mumbai
INDIFI TECHNOLOGIES,"['SUNDEEP SAHI', 'ALOK MITTAL', 'SIDDHARTH MAHANOT']",http://www.indifi.com/,Gurgaon
INDIFI,"['SUNDEEP SAHI', 'ALOK MITTAL', 'SIDDHARTH MAHANOT']",http://www.indifi.com/,Gurgaon
INDOFASH,"['PALLAVI MOHADIKAR', 'RAHUL GAYAKWAD']",http://www.indofash.com/,
INDULGE BEVERAGES,"['TUHIN JAIN', 'KUNAL BHAGAT']",http://bonhomiaworld.com/index.php,New Delhi
INFEEDO,[],,
INFINITE-ANALYTICS,"['PURUSHOTHAM BOTLA', 'AKASH BHATIA']",http://www.infiniteanalytics.com,Cambridge
INFINITY ASSURANCE SOLUTIONS,"['R.K. GOEL', 'PUNEET GARGYA']",http://www.infinityassurance.com/,New Delhi
INFINITY ASSURANCE,"['R.K. GOEL', 'PUNEET GARGYA']",http://www.infinityassurance.com/,New Delhi
INFOLINK HEALTH SERVICES  LTD,"['ZAINUL CHARBIWALA', 'UDAYAN DASGUPTA']",http://www.tricog.com,Bangalore
INFOMEDIA,[],http://www.ifartmobile.com,
INKMONK,"['ISAAC JOHN WESLEY', 'SURYA SANKAR']",https://inkmonk.com/,Chennai
INNER CHEF,['RAJESH SAWHNEY'],http://innerchef.com/,Gurgaon
INNER-CHEF,['RAJESH SAWHNEY'],http://innerchef.com/,Gurgaon
INNOV8,"['RITESH MALIK', 'SHAILESH GUPTA', 'SUMIT RANKA']",http://www.innov8.work/,New Delhi
INNOVACCER,"['KANAV HASIJA', 'ABHINAV SHASHANK', 'SANDEEP GUPTA', 'SANDEEP K GUPTA']",http://www.innovaccer.com,Palo Alto
INNOVAPPTIVE,"['SUNDEEP RAVANDE', 'HARI KAMINENI']",http://www.innovapptive.com/,Houston
INSIGHT-LABS,[],,
INSIGHTFUL LABS,"['OCTAV DRUTA', 'ANDREI SOARE', 'VLAD BERTEANU']",http://www.thesunnytrail.com,Vancouver
INSTABOUNCE,[],http://instabounce.in,New Delhi
INSTACAR,['ISHAN VYAS'],http://www.instacar.in,Indore
INSTAGO,"['ANMOL AHLAWAT', 'ANEESH SETH', 'NAKUL KHANNA']",http://www.instago.co.in,New Delhi
INSTALIVELY LIVESTREAMING,"['PRAKHAR KHANDUJA', 'KARTHIK VAIDYANATH']",http://www.instalively.com/,New Delhi
INSTALIVELY,"['PRAKHAR KHANDUJA', 'KARTHIK VAIDYANATH']",http://www.instalively.com/,New Delhi
INSTAOFFICE,['VIKAS LAKHANI'],http://www.officeplace.in,Gurgaon
INSTAPROC,['ANISH POPLI'],http://www.instaproc.com,Noida
INSTASAFE TECHNOLOGIES,"['PRASHANTH GURUSWAMY', 'DEEPAK PANIGRAHY', 'BIJU GEORGE', 'SANDIP PANDA']",http://www.instasafe.com/,Bangalore
INSTASAFE,"['PRASHANTH GURUSWAMY', 'DEEPAK PANIGRAHY', 'BIJU GEORGE', 'SANDIP PANDA']",http://www.instasafe.com/,Bangalore
INSTAVANS,"['VINAY GOYAL', 'SANJAY SHAH']",http://www.instavans.com,Bangalore
INTELLIGENT INTERFACES,"['ADAM CHEYER', 'CHRIS BRIGHAM', 'DAG KITTLAUS']",http://viv.ai/,San Jose
INTELLIGENT SHOPPRO,"['TOM GATTEN', 'PRASHANT MAJMUDAR']",http://growthintel.com,London
INTELLOCUT,"['BRATISH GOSWAMI', 'MANASIJ GANGULI', 'MAUSMI AMBASTHA', 'ABHISHEK SRIVASTAVA']",http://www.threadsol.com,Singapore
INTERVIEW MASTER,"['SUBRAMANIAN K', 'JOBIN JOSE', 'TOM JOSE']",http://www.interviewmaster.in,Bangalore
INTGREA PARTNERS,[],https://www.intgrea.com/,San Jose
INTHREE ACCESS,['RAMANATHAN RAMACHANDRAN'],http://inthreeaccess.com/,Chennai
INTRUO TECHNOLOGIES,"['MOHIT GOEL', 'NALIN SALUJA', 'NALIN SALUJA']",http://www.supplified.com,Delhi
INTUITENT ONLINE VENTURE,"['OJAL SUTHAR', 'MILLIN PANWAR']",http://www.gozopping.com,Udaipur City
INVENTION LABS,[],http://inventionlabs.in,Chennai
INVENTRYX SYSTEMS,"['BABU JAYARAM', 'SUDHI SHESHACHALA']",https://www.b2bsphere.com,Bangalore
INVENZONE,"['VINAY KUMAR SANKARAPU', 'DEEKSHITH MARLA']",http://www.invenzone.com/,Mumbai
INVESTMENTYOGI,"['MAMTHA BANERJEE', 'SANJAY JOSHI']",http://www.investmentyogi.com,Hyderabad
ISERVE,"['DIPAK SAMANTA', 'RAHUL BHAIK', 'KRISHNA IYER', 'SASANKA PANDA']",http://www.iservefinancial.com/,Pune
ISERVICES,['ANKIT CHOWDHARY'],http://iservice.hr/,Zagreb
ISTYLEYOU,"['AMIT KEJRIWAL', 'PALLAV MODI', 'VINAYAK KHANIJO']",http://istyleyou.in/,Gurgaon
ITRAVELLER TECHNOLOGIES,"['RACHNA KALRA', 'SHIJU RADHAKRISHNAN', 'NISANTH KUMAR']",http://itraveller.com,Bangalore
ITRAVELLER,"['RACHNA KALRA', 'SHIJU RADHAKRISHNAN', 'NISANTH KUMAR']",http://itraveller.com,Bangalore
JAYPORE E-COMMERCE,"['DEAP UBHI', 'AARTI JESRANI', 'SHILPA SHARMA', 'PUNEET CHAWLA']",http://www.jaypore.com,New Delhi
JETSETGO,"['SUDHEER PERLA', 'KANIKA TEKRIWAL']",http://jetsetgo.in/,New Delhi
JHAKAAS TECHNOLOGIES,"['JEETENDRA SANJEEVA', 'BHARAT MANDOT']",https://www.jhakaas.co/,Mumbai
JIGSAW ACADEMY,"['GAURAV VOHRA', 'SARITA DIGUMARTI']",http://jigsawacademy.com,Bangalore
JIYO NATURAL,"['RAJESH SINGH', 'GAURAV BHALOTIA', 'SUNANDINI SHARMA']",http://www.jiyonatural.com/,Bangalore
JOBSPIRE TECHNOLOGIES,['SANDEEP AGGARWAL'],http://www.droom.in,Gurgaon
JOBSPIRE,['VARUN MAYYA'],http://jobspire.net/,Bengaluru
JOEHUKUM,['AJEET SINGH KUSHWAHA'],http://www.gogetspeedy.com/,Gurgaon
JOLLY FOOD FELLOW,"['NIRAJ HARLALKA', 'RAJIV SHARMA']",http://www.jollyfoodfellow.com/,Ahmedabad
JOOGNU,"['ANIRVAN DAM', 'LOVEKESH SHARMA', 'PALLAVI DAM']",http://www.joognu.com,Ahmedabad
JOOLZ,['ARNAUD LORIE'],http://joolz.in/,Mumbai
JOYBYNATURE,['SHAILESH MEHTA'],http://www.joybynature.com/,New Delhi
JOYWING-TECH,"['HARRY HU', 'ROBIN GONG']",http://www.joywing.cc/,New York
JUGGERNAUT,"['DURGA RAGHUNATH', 'CHIKI SARKAR']",http://www.nextjuggernaut.com,San Francisco
JUSPAY,['VIMAL KUMAR'],https://juspay.in/#page-top,Kormangala
JUSTCHALO TECHNOLOGIES,[],,
JUSTDOC,"['ABHISHEK KUMAR', 'VIKASH SINGH', 'JUGAL ANCHALIA']",https://justdoc.com/,Bangalore
JUSTLIKENEW,"['AJIT PANIGRAHI', 'RAHUL AGARWAL']",http://www.justlikenew.in/,Hyderabad
JUSTRIDE,"['VASANT VERMA', 'ABHISHEK MAHAJAN', 'AMIT SAHU', 'ASHWARYA SINGH', 'VASANT VERMA']",http://justride.in/,Bengaluru
KAALBI TECHNOLOGIES,[],,
KAARYAH LIFESTYLE SOLUTIONS,[],http://www.kaaryah.com/,Gurgaon
KARMACIRCLES,['DEEPAK GOEL'],http://www.karmacircles.com/,Fremont
KETTO ONLINE VENTURES,"['KUNAL KAPOOR', 'VARUN SHETH', 'ZAHEER ADENWALA']",http://ketto.org,Mumbai
KETTO,"['KUNAL KAPOOR', 'VARUN SHETH', 'ZAHEER ADENWALA']",http://ketto.org,Mumbai
KHEL NOW,['DHRUV RATRA'],https://khelnow.com/,New Delhi
KICKSTART HUMAN CAPITAL SOLUTIONS,"['SAMRIDDHI MALHOTRA', 'ABHISHEK SRIVASTAVA']",http://www.kickstartjobs.in,Gurgaon
KICKSTART JOBS,"['SAMRIDDHI MALHOTRA', 'ABHISHEK SRIVASTAVA']",http://www.kickstartjobs.in,Gurgaon
KIDSWIDS,['CASSEY XU'],http://www.usbpromos.com,Shenzhen
KLEVERKID,['SHABNAM AGGARWAL'],http://kleverkid.in/,Delhi
KLIP,"['ANDRES SUSI', 'ALAIN ROSSMANN']",http://www.klip.com,Palo Alto
KLONEWORLD,"['AJAY SHARMA', 'GURJIT SIDHU']",https://www.kloneworld.com/,Singapore
KOBSTER,"['VINEET NEERAJ', 'KARTHIK RAMAIAH']",http://www.kobster.com,Chennai
KOCHI POST,['RAGHUL SUDHEESH'],http://www.kochipost.com/,Kochi
KOLABRO,[],http://kolabro.com,Gurgaon
KONCIERGEMD,[],http://www.konciergemd.com/,Newtown Square
KRIEDA SOLUTIONS,['ADITYA JULKA'],http://www.inbiopro.com/,Bangalore
KRYPTON PROJECT INC,['ARUN RAMAKRISHNAN'],http://www.kryptoncloud.com,San Francisco
KRYPTONCLOUD,['ARUN RAMAKRISHNAN'],http://www.kryptoncloud.com,San Francisco
KWENCH GLOBAL TECHNOLOGIES,[],,Mumbai
LABINAPP TECHNOLOGY,"['VINAYAK HULABUTTI', 'GIRISH SHIRIGANNAVAR', 'PRAMOD RAMDURG', 'PAVAN SHINDE']",http://labinapp.com/,Hubli
LAWRATO,[],http://lawrato.com/,New Delhi
LEAF INNOVATION,"['AVINASH BANSAL', 'AYUSH BANKA', 'CHIRAAG KAPIL', 'MANIK MEHTA', 'PARAS BATRA']",https://leafwearables.com,New Delhi
LEAF WEARABLES,"['AVINASH BANSAL', 'AYUSH BANKA', 'CHIRAAG KAPIL', 'MANIK MEHTA', 'PARAS BATRA']",https://leafwearables.com,New Delhi
LEAF-4,"['JONATHAN (YONI) OFIR', 'ERAN MORDECHAY']",http://www.getleaf.co/,Tel Aviv
LEARNING EDGE ACADEMY,[],,
LEGAL RAASTA TECHNOLOGIES,"['PULKIT JAIN', 'KANIKA GUPTA', 'HIMANSHU JAIN']",https://www.legalraasta.com,New Delhi
LEGALRAASTA,"['PULKIT JAIN', 'KANIKA GUPTA', 'HIMANSHU JAIN']",https://www.legalraasta.com,New Delhi
LEGISTIFY SERVICES,['AKSHAT SINGHAL'],https://www.legistify.com,Noida
LEGISTIFY,['AKSHAT SINGHAL'],https://www.legistify.com,Noida
LEMON LEAF,"['RISHUBH KHURANA', 'SANKALP CHANDHOK', 'PUNEET GULATI', 'PRAVEEN KUMAR']",http://lemonleaf.in/,Delhi
LENDEN CLUB,"['RENAUD LAPLANCHE', 'JOHN DONOVAN']",https://lendingclub.com,San Francisco
LETS SERVICE AUTOMOTIVE TECHNOLOGIES,"['SACHIN RADDER', 'SACHIN VASANTH SHENOY', 'GIRISH G']",http://letsservice.in/#/,Bangalore
LETS SERVICE,"['SACHIN RADDER', 'SACHIN VASANTH SHENOY', 'GIRISH G']",http://letsservice.in/#/,Bangalore
LETSMD,['PRAKHAR GUPTA'],http://letsmd.com/,New Delhi
LETSVENTURE,[],,Shanti Mohan
LEXCOMPLY,"['GAURAV JAIN', 'THOMAS ABRAHAM', 'POOJA AGGARWAL']",https://lexcomply.com,New Delhi
LICIOUS,"['ABHAY HANJURA', 'VIVEK GUPTA']",http://www.licious.in,Bengaluru
LIFCARE,[],http://www.lifecare.com,Shelton
LIFTO,['VIKESH AGARWAL'],http://lifto.in/,Mumbai
LIMO,['DOUG ANDERSON'],http://www.limos.com,San Francisco
LISTUP,"['SUMIT GUPTA', 'SAURABH JAIN', 'PULKIT GUPTA']",http://www.listup.co.in,Mumbai
LITTLE EYE SOFTWARE LABS,"['GIRIDHAR MURTHY', 'LAKSHMAN KAKKIRALA', 'ADITYA KULKARNI']",http://www.littleeye.co,Bangalore
LIVE24 COMMUNICATIONS LTD,"['DAVID JODOIN', 'RAMI MUSALLAM']",http://cafex.com,New York
LIVENUTRIFIT HEALTHTECH,['GAURAV JALOTE'],http://www.livenutrifit.com/default.aspx,New Delhi
LIVING LOCAL,"['ANEESH BHASIN', 'ANUBHAV ANAND', 'NEERAJ VASUDEVA']",https://www.livinglocal.com,Mumbai
LOANCIRCLE,"['SAMIR DESAI', 'ANDREW MULLINGER', 'ALEX TONELLI', 'JAMES MEEKINGS']",http://www.fundingcircle.com,London
LOANTAP,['VIKAS KUMAR'],https://loantap.in/,Pune
LOANZEN TECHNOLOGIES,"['MADHU SUDHAN', 'VENKATESH SANKARARAMAN']",https://www.loanzen.in/#,Bangalore
LOCALCIRCLES INDIA,"['GOVARDHAN K', 'MUKESH GUPTA']",http://www.localcircles.com,Santa Clara
LOCALCIRCLES,"['GOVARDHAN K', 'MUKESH GUPTA']",http://www.localcircles.com,Santa Clara
LOCALOYE,['ADITYA RAO'],http://localoye.com,Bengaluru
LOCUS,"['GEET GARG', 'NISHITH RASTOGI']",http://www.locus.sh,Bangalore
LODESTAR EDUCATION SERVICES,['DAN SOMMER'],,New York
LOGICSERVE DIGITAL,"['PRASAD SHEJALE', 'ROHIT CHUGH']",http://logicservedigital.com,Mumbai
LOGINEXT SOLUTIONS,"['DHRUVIL SANGHVI', 'MANISHA RAISINGHANI']",http://loginextsolutions.com,Mumbai
LOUD SHOUT,[],,
LOUDCELL,['RAMESH GUPTA'],http://loudcell.com/,Santa Clara
LUCIDEUS,['SAKET MODI'],http://lucideus.com/,New Delhi
LUMOS DESIGN TECHNOLOGY,[],http://iwearlumos.com,Bengaluru
LYBRATE INDIA,['SAURABH ARORA'],https://www.lybrate.com/,New Delhi
LYXEL DIGITAL CONSULTING SERVICES,[],,
M,"['THILO HARDT', 'DIRK GRABER', 'PHILIPP FRENKEL', 'BJOERN SYKORA']",http://misterspex.de,Berlin
MAALGAADI,"['SAURABH RAJ', 'ANIRUDH GARG']",http://maalgaadi.net,Indore
MAD STREET DEN,"['ASHWINI ASOKAN', 'ANAND CHANDRASEKARAN']",http://www.vue.ai,Fremont
MADRAT GAMES,"['RAJAT DHARIWAL', 'MADHUMITA HALDER']",http://www.madratgames.com,Bangalore
MAGICLANE APP SERVICES,"['VISHWAS MUDAGAL', 'SONIA SHARMA']",http://goodworklabs.com,Bangalore
MAGICX,['PRATYUSH PRASANNA'],http://magicx.co/,Bengaluru
MAIDEN MARKETING INDIA,[],https://Bonmonte.com,
MAKKAJAI,"['ABHISHEK AWADHANI', 'ROOPESH SHENOY', 'DEEP SHAH', 'VINAYAK PALANKAR']",http://www.makkajai.com/,Pune
MANGO GAMES,['SANJEEV KUMAR'],http://www.mangogames.com,Hyderabad
MANGO MAN CONSUMER ELECTRONICS,"['SHUBHAM MALHOTRA', 'SAI SRINIVAS KIRAN G']",http://teewe.in,Kormangala
MAPMYGENOME INDIA LTD,['ANU ACHARYA'],http://www.mapmygenome.in,Hyderabad
MAPMYGENOME,['ANU ACHARYA'],http://www.mapmygenome.in,Hyderabad
MARTMOBI TECHNOLOGIES,"['PRAMOD NAIR', 'SATYA KRISHNA GANNI']",http://martmobi.com,Chicago
MASS BLURB,"['SANKET SHAH', 'PANKIT CHHEDA']",http://www.massblurb.com/,Mumbai
MAYA,[],http://maya.com/,Pittsburgh
MCAFFEINE,"['VIKAS LACHHWANI', 'TARUN SHARMA']",https://www.mcaffeine.com/,Mumbai
MECHANICAPP,"['ABHAS ART AGRAWAL', 'DONGYI LIAO']",http://www.yourmechanic.com,Mountain View
MEDICAST,"['SAM ZEBARJADI', 'NAFIS ZEBARJADI', 'SAHBA FERDOWSI']",https://medicast.com,Palo Alto
MEDINFI HEALTHCARE,"['RAVI SHANKAR MISHRA', 'HIMANI MISHRA']",http://www.medinfi.com/,Bengaluru
MEDZIN,"['RAGHAV SARDA', 'MADHAV SHANKAR']",http://www.medzin.in/,Delhi
MEESHO,"['SANJEEV BARNWAL', 'VIDIT AATREY']",http://www.meesho.com/,Bangalore
MERICAR,['RAKESH SIDANA'],http://www.mericar.com,Gurgaon
METROPOLITAN LIFESPACE REAL ESTATE DEVELOPERS,[],,Mumbai
MILK-MANTRA,['SRIKUMAR MISRA'],http://www.milkmantra.com,Bhubaneswar
MILLENNIAL MEDIA,['PAUL PALMIERI'],http://www.millennialmedia.com/,Baltimore
"MINIO, INC","['GARIMA KAPOOR', 'FREDERICK KAUTZ', 'ANAND BABU PERIASAMY', 'HARSHAVARDHANA .']",https://www.minio.io,Palo Alto
MINTM,['SACHIN GARG'],http://www.mintm.com,Palo Alto
MISSMALINI,[],,Mumbai
MOBILE-MOTION,[],http://www.mobilemotion.com,Woodland Hills
MOENGAGE,"['YASHWANTH KUMAR', 'RAVITEJA DODDA']",http://www.moengage.com/,Bangalore
MOOVO,"['ABHISHEK ANAND', 'ANJANI KUMAR']",http://www.moovo.in/,New Delhi
MOTOMOJO,['UTTAM ARJUN'],http://www.motomojo.in/,Vikhroli
MSWIPE TECHNOLOGIES,['MANISH PATEL'],http://www.mswipe.com,Mumbai
MY CHILD APP,"['SHREYA SHRIVASTAVA', 'HARSH SONGRA', 'AAFREEN ANSARI']",http://www.mychildapp.in/,Palo Alto
MYADVO,['KUSHAL BHAGAT'],http://www.myadvo.in/,Gurgaon
MYCITY4KIDS,['VISHAL GUPTA'],http://www.mycity4kids.com,Gurgaon
MYCOL,[],http://www.mycol.in/,Delhi
MYCUTEOFFICE,['ABHISHEK BARARI'],https://mycuteoffice.com/,Mumbai
MYFITNESSWALLET,"['ABHINAV KRISHNA', 'AKASH KUMAR', 'SANJAY HAVALDAR', 'AYUSH BHARTI']",http://ourhealthmate.com,Singapore
MYGUBBI,"['UMESH SANGURMATH', 'AIYAPPA ALAMEDA', 'SUNIL RAO', 'RAVI RAO']",https://www.mygubbi.com/,Bangalore
MYINSURANCECLUB,['DEEPAK YOHANNAN'],http://www.myinsuranceclub.com/,Mumbai
MYKINDOFJOB,['ANKIT BANSAL'],http://www.mykindofjob.com/,Mumbai
MYNTRA,"['VINEET SAXENA', 'ASHUTOSH LAWANIA', 'RAVEEN SASTRY']",http://www.myntra.com,Bangalore
MYPOOLIN,"['ROHIT TANEJA', 'ANKIT SINGH']",http://www.mypoolin.com/,Dwarka
NACTUS,['ROHIT DUSAD'],http://www.nactus.com/,Jaipur
NATIVESPECIAL,['BASKARAN V'],https://nativespecial.com,Karur
NEAR,"['LOMESH DUTTA', 'SUNIL GOYAL']",https://www.near.in/,Gurgaon
NEARU,['HEMANTH MEKA RAO'],http://www.isnearu.com,Mumbai
NEO POLITAN PIZZA,[],http://www.buona.com,Berwyn
NETREE,"['SUBBU SUBRAMONIAN', 'DESI S VALLI']",http://www.netree.in/index.php,New Delhi
NEUROSYNAPTIC COMMUNICATIONS,['SAMEER SAWARKAR'],http://neurosynaptic.com,Bangalore
NEWGEN INTERNET NETWORKS,['NAVEEN SADARANGANI'],http://glamrs.com/,Mumbai
NEXT DOOR LEARNING SOLUTIONS,"['VIPIN AGARWAL', 'UDAI MEENA', 'BHOLA MEENA']",http://www.onlinetyari.com,Gurgaon
NHANCE,[],,
NIGHTSTAY,"['NASR KHAN', 'DEEPAK NEGI']",http://www.nightstay.in/,New Delhi
NITYAA TECHNOSYS,[],http://www.braintechnosys.com/mobile-apps-development/android-app-development.html,Noida
NODD,"['SHUBHAM RAI', 'ARPIT BAJPAI', 'PRALEED SUVARNA', 'SANATAN DUBEY']",http://noddapp.com/,Mumbai
NOODLE-PLAY,['HITESH BHATIA'],http://www.noodleplay.in,Mumbai
NOTARY MAMA LEGAL SERVICES,['GIREESH CHALLA'],http://www.notarymama.com,Bangalore
NOTESGEN,"['MANAK GULATI', 'ROMAN KHAN']",http://www.notesgen.com/,New Delhi
NOW,[],,New York
NOWFLOATS TECHNOLOGIES,"['NEERAJ SABHARWAL', 'NITIN JAIN', 'RONAK SAMANTRAY', 'RONAK KUMAR SAMANTRAY', 'JASMINDER GULATI']",http://www.nowfloats.com,Hyderabad
NOWFLOATS,"['NEERAJ SABHARWAL', 'NITIN JAIN', 'RONAK SAMANTRAY', 'RONAK KUMAR SAMANTRAY', 'JASMINDER GULATI']",http://www.nowfloats.com,Hyderabad
NUDGESPOT,"['ALOK SHANKAR', 'ANUBHAV SUDHA', 'SURESH HARIKRISHNAN', 'RAVEEN SASTRY']",http://www.nudgespot.com,Bangalore
NUMBERMALL,[],,
OCCASION,"['PELLE TEN CATE', 'AKSH GUPTA', 'ERIC DI SILVESTRO', 'KIERAN KLAASSEN']",http://www.getoccasion.com,Chicago
OCTO,"['LIONEL MESSI', 'AKSHAYA ARON']",https://octo.ai/,New Delhi
OFFER MEDIA,[],http://www.digitalmailers.in,Bangalore
OKTALK,[],http://getvokal.com/,Bengaluru
OLA,"['BHAVISH AGGARWAL', 'ANKIT BHATI']",http://www.olacabs.com,Bengaluru
OLIVEBOARD COMPTECH,"['ABHISHEK PATIL', 'V SATISH KUMAR']",http://www.oliveboard.in/,Bangalore
OLLY,"['BRAD HARRINGTON', 'ERIC RYAN']",https://www.olly.com/,Belvedere Tiburon
OMAPAL TECHNOLOGIES,"['PRANAY SURANA', 'TUSHAR SAXENA', 'SHREYA MISHRA']",http://flyrobe.com/,Mumbai
OMNIFY,[],http://www.omnifysoft.com,Tewksbury
ONEUP VENTURES,[],http://www.oneupventures.com,
ONEWAY,"['PANKAJ GANDHI', 'VIVEK KEJRIWAL', 'DEVANG SANGHVI']",http://oneway.cab/,Vadodara
ONLINE PRASAD,['GOONJAN MALL'],http://onlineprasad.com,Bangalore
ONLINERTI,"['PRADEEP BHATT', 'VINOTH RANGANATHAN']",http://www.onlinerti.com,Bangalore
ORANE LABS,"['ANAND AGARWAL', 'VISHWAJEET SINGH']",http://ezmove.in/,Pune
ORANGEGUBBI TECHNOLOGIES,[],,
ORANGUT LABS,[],,
ORAVEL STAYS,['RITESH AGARWAL'],http://www.oravel.com,New Delhi
ORAVEL,['RITESH AGARWAL'],http://www.oravel.com,New Delhi
ORBITNOTE TECHNOLOGIES,"['VIVEK SINGH', 'ARUSH KAKKAR']",http://www.corsecotech.com,New Delhi
ORIGA,['SHRIRANG TAMBE'],http://origaleasing.com/,Zürich
OROBIND FITNESS TECHNOLOGIES,['SATYA VYAS'],http://www.orobind.com,Bangalore
OROBIND,['SATYA VYAS'],http://www.orobind.com,Bangalore
OUST LABS INC,['SHRIKANT G. LATKAR'],http://www.oustme.com,Cupertino
OUTLETWISE RETAIL,['VISHWAS SHRINGI'],http://www.voylla.com,Jaipur
OVERCART,"['ALEX SOUTER', 'SAPTARSHI NATH']",http://www.overcart.com/,Gurgaon
OXIMITY LTD,"['ANAND RANGANATHAN', 'CHRISTIAN HAPKE', 'SANJAY GOEL']",http://www.oximity.com,London
OXIMITY,"['JEFF TANGNEY', 'NATE GROSS']",http://www.doximity.com,San Francisco
OYO ROOMS,['RITESH AGARWAL'],http://www.oyorooms.com/,Gurgaon
PAGESTITCH TECHNOLOGY,[],,
PAISAWAPAS,['SHANKAR KOTULI'],https://www.paisawapas.com/,Bangalore
PAIX TECHNOLOGY,[],,
PALETLY DESIGNS,"['JEFF RAICE', 'JUDITH ESTRIN']",http://www.packetdesign.com,Austin
PARATUS KNOWLEDGE VENTURES,[],,
PARENTLANE,['VIJAY ANAND MV'],http://www.parentlane.com,Bengaluru
PAY TECHNOLOGIES INDIA,"['SHAILAZ NAG', 'NITIN GUPTA']",http://www.payu.com/,Hoofddorp
PAYMANGO INDIA,[],http://www.spanedea.com,Mumbai
PAYNEAR SOLUTIONS,"['ANIL BHARADWAJ', 'PRITI SHAH']",http://www.paynear.in,Hyderabad
PAYODA COMPUTING INDIA,"['SREERAJ NAIR', 'SIDDHAARTHAN N']",http://www.proximove.com,Coimbatore
PAYTUNES,['DIVYA PRATAP SINGH'],https://www.paytunes.in,Delhi
PEEBUDDY,['DEEP BAJAJ'],http://peebuddy.in,New Delhi
PEEL-WORKS,['SACHIN CHHABRA'],http://peel-works.com,Mumbai
PEOPIC RETAIL,['VISHWAS SHRINGI'],http://www.voylla.com,Jaipur
PERFIOS SOFTWARE SOLUTIONS,['V.R. GOVINDARAJAN'],http://www.perfios.com,Bangalore
PERSPECTFUL ADVISORY SERVICES,[],http://www.argusinformation.com/,White Plains
PHANTOM HANDS VINTAGE COLLECTIBLES LLP,"['SOURABH SATISH', 'OLIVER FRIEDRICHS']",http://phantom.us/,Palo Alto
PHASORZ TECHNOLOGIES,[],,
PIANTA,"['NITIN AGARWAL', 'SWAMINATHAN SEETHARAMAN', 'GANESH SUBRAMANIAN']",http://www.pianta.com,Bengaluru
PICKINGO LOGIXPRESS,"['ATUL MITTAL', 'PIYUSH SHARMA', 'RAHUL GILL']",http://pickingo.com/,Gurgaon
PICKMYLAUNDRY,"['GAURAV AGRAWAL', 'SAMAR SISODIA']",http://www.pickmylaundry.in/,Delhi
PICSDREAM,['MAHESH NAIR'],http://picsdream.com/,New Delhi
PIKKOL,[],http://www.pikkol.com,Bangalore
PILANI EXPERTS TECHNOLOGY LABS,"['ABIR BASAK', 'SANJAY SINGH YADAV']",http://zigya.com,New Delhi
PING DIGITAL BROADCAST,[],http://www.pingnetwork.in/,Mumbai
PING DIGITAL NETWORK,[],http://www.pingnetwork.in/,Mumbai
PINKBLUE SUPPLY SOLUTIONS,"['ARUN SRIRAM', 'VALLIAPPAN KUMARAPPAN', 'VARUN SINGH']",http://pinkblue.in/,Bangalore
PINKBLUE,"['ARUN SRIRAM', 'VALLIAPPAN KUMARAPPAN', 'VARUN SINGH']",http://pinkblue.in/,Bangalore
PIPA BELLA ACCESSORIES,['SHUCHI PANDYA'],http://www.pipabella.com,Mumbai
PIPA+BELLA,['SHUCHI PANDYA'],http://www.pipabella.com,Mumbai
PIQUOR TECHNOLOGIES,"['PRANJAL PRASHAR', 'VINEET CHAUHAN']",http://piquor.com/,Gurgaon
PITSTOP,['SHIVA BHARDWAJ'],https://www.pitstopconnect.com,Toronto
PLABRO NETWORKS,"['AADITYA JAIN', 'PANKAJ GARG']",http://plabro.com/,Gurgaon
PLABRO,"['AADITYA JAIN', 'PANKAJ GARG']",http://plabro.com/,Gurgaon
PLACARD DIGITAL SOLUTIONS,[],,
PLAN MY MEDICAL TRIP,"['ANURAV RANE', 'RAJEEV RANE']",http://www.planmymedicaltrip.com/,Pune
PLANMYMEDICALTRIP,"['ANURAV RANE', 'RAJEEV RANE']",http://www.planmymedicaltrip.com/,Pune
PLAY YOUR SPORT,[],http://www.playyoursport.com/,New Delhi
PLEXUSMD,['ROHAN DESAI'],https://www.plexusmd.com,Ahmedabad
PLICK,[],http://plick.se/,Stockholm
PLUSS,"['ATIT JAIN', 'TARUN LAWADIA', 'MADHULIKA PANDEY']",https://www.plussapp.com/#/,Gurgaon
PLUSTXT MOBILE SOLUTIONS,['RAHUL SINGHAL'],http://applop.com,Gurgaon
POCKET,['NATE WEINER'],http://getpocket.com,San Francisco
POKKT,"['VAIBHAV ODEKAR', 'SHARAD INGULE', 'ROHIT SHARMA', 'ROHIT SHARMA', 'MANISH TEWARI']",http://www.pokkt.com,Mumbai
PONCHO,['KUAN HUANG'],http://poncho.is,New York
POPXO,"['PRIYANKA GILL', 'NAMRATA BOSTROM']",http://www.popxo.com/,New Delhi
POSHTICK,['PRANAV SHARMA'],http://poshtick.com/,Noida
PRAMATI HEALTHCARE,['DEEP BAJAJ'],http://www.pramaticare.com/,New Delhi
PRESCRIBEZ,['NEERAJ JOSHI'],http://www.thingsmeet.com,Pune
PRESS PLAY,['GEORGE ABRAHAM'],http://www.pressplaytv.in,New Delhi
PRESSPLAY,['GEORGE ABRAHAM'],http://www.pressplaytv.in,New Delhi
PRICEBABA,"['TIRTHESH GANATRA', 'ANNKUR P AGARWAL']",http://pricebaba.com,Mumbai
PRIMASELLER,"['VIVEK SUBRAMANIAN', 'MOHAMMED ALI']",http://www.primaseller.com,Bangalore
PROCESS 9,['RAKESH KAPOOR'],http://www.process9.com/,Gurgaon
PROPHESEE,"['JITESH LUTHRA', 'ISHAAN SETHI', 'HARSHIL GURHA']",http://www.prophesee.in/,Delhi
PROZO,['ASHVINI JAKHAR'],http://www.prozo.com,New Delhi
PURPLE STYLE LABS,['ABHISHEK (MONTY) AGARWAL'],http://purplestylelabs.com/,Mumbai
PURPLEDOCS,[],,
QDESQ,"['LAVESH BHANDARI', 'PARAS ARORA']",http://www.qdesq.com,Gurgaon
QIKWELL TECHNOLOGIES INDIA,"['RAGHAVENDRA PRASAD', 'KRISHNA CHITRAPURA']",http://qikwell.com,Bangalore
QONFUSE,['MAHESH GAUR'],https://www.qonfuse.com/,New Delhi
QUIFERS,"['AMIT BANSAL', 'AMIT MISHRA', 'VAIBHAV GUPTA']",http://quifers.com/,Mumbai
QUINTYPE,['AMIT RATHORE'],http://www.quintype.com/,California
QUSTN TECHNOLOGIES INC,"['SACHIN GROVER', 'MRIGANK TRIPATHI']",http://www.qustn.com,Palo Alto
QYK INC,"['SHOBHIT SINGHAL', 'SANGHARSH BOUDHH', 'ANUBHAV SAHOO', 'DEEPAK SINGHAL']",http://www.qykapp.com/,Bangalore
RAINCAN,"['MAHENDRA SINGH', 'ABHIJEET KUMAR']",http://www.raincan.com/,Pimple
RANKJUNCTION,[],,Nagpur
RAPIDO,"['PAVAN GUNTUPALLI', 'RISHIKESH S R', 'ARAVIND SANKA']",http://www.rapido.bike,Bengaluru
RAW PRESSERY,[],https://www.rawpressery.com,Parel
RAZORPAY SOFTWARE,"['SHASHANK KUMAR', 'HARSHIL MATHUR']",https://razorpay.com/,Bangalore
RAZORPAY,"['SHASHANK KUMAR', 'HARSHIL MATHUR']",https://razorpay.com/,Bangalore
REACH APP PTE,"['PRASAD SHRIYAN', 'JATIN KAMDAR']",http://www.drivify.in,Mumbai
REAL TIME NETWORKS,[],http://www.rti.com,Sunnyvale
REALBOX,[],http://www.realbox.in,Noida
REAP CHEMIST,[],,Mumbai
RED BRICK LANE MARKETING SOLUTIONS,[],,Victoria
REELBOX MEDIA ENTERTAINMENT,['NARU NARAYANAN'],http://reelbox.tv,Nungambakkam
REELBOX,['NARU NARAYANAN'],http://reelbox.tv,Nungambakkam
REGISTERMYMARRIAGE,"['ANKUR ARUN', 'GAURAV SHARMA']",http://www.registermymarriage.com/,Haryana
REIT INDIA CONSULTANTS,[],https://www.morgenall.com/,Bangalore
RELEVANT E-SOLUTIONS,[],,Gurgaon
REMITR,"['SANDEEP JHINGRAN', 'KANCHAN KUMAR', 'SANDEEP TODI']",http://www.remitr.com/,Palo Alto
RENTOMO,['ANSHUL JOHRI'],http://www.rentomo.com,Bangalore
RENTONGO,"['VIKASH JALAN', 'NIKHIL CHHABRA', 'INDRESH MS']",http://www.rentongo.com,Bangalore City
RENTSHER ONLINE RENTALS,['AJITH KARIMPANA'],http://www.furlenco.com,Bangalore
RENTSHER,"['KARANDEEP SINGH VOHRA', 'ABHIJIT SHAHA', 'HARSH DHAND']",http://www.rentsher.com,Bangalore
REPAIREASY,"['RISHI WAHI', 'NAVEEN GOYAL']",http://www.repaireasy.in/,Pune
REPUP,['PRANJAL PRASHAR'],http://repup.co/,Gurgaon
RESSY TECHNOLOGY,"['KOUSTUBH RAJEPANDHARE', 'SAGAR PATIL']",http://ressyapp.com/,Pune
RESSY,"['KOUSTUBH RAJEPANDHARE', 'SAGAR PATIL']",http://ressyapp.com/,Pune
RETAIL LABS,[],,Nagpur
RETAIL SOLUTIONS,"['JONATHAN GOLOVIN', 'RICHARD SWAN', 'SHANTHA MOHAN']",http://www.retailsolutions.com,Mountain View
RETAILWORX INDIA,['BEERUD SHETH'],http://gupshup.me,Mumbai
RETENTION,"['ABHIMANYU DIKSHIT', 'AMRITANSHU ANAND', 'MANAN SHAH', 'ANSHUL SINGHLE']",http://retention.ai,Palo Alto
RHYTHM LABS,"['BART PEINTNER', 'GM CALAFIORE']",http://loop.ai,San Francisco
RIDLR,"['RAVI KHEMANI', 'BRIJRAJ VAGHANI']",http://ridlr.in/,Mumbai
RKM ONLINE SERVICES,[],http://www.rkmsolution.com/,New Delhi
ROADHOUSE HOSTELS,[],http://www.roadhousehostels.com/,Goa
ROAST MEDIA,[],http://www.roastation.in/,New Delhi
ROAST,[],http://www.roastratings.com/,Kansas City
ROLOCULE GAMES,"['ROHIT GUPTA', 'ANUJ TANDON']",http://www.rolocule.com,Pune
ROOMNHOUSE,"['AMIT SOLANKI', 'RAKESH SINGH']",http://roomnhouse.com,Mumbai
ROOMS WORLDWIDE,"['KANESWARAN AVILI', 'DENNIS MELKA']",http://www.nidarooms.com,Jakarta
ROOMYS INTERNET TECHNOLOGIES,[],http://www.24x7itpl.com,New Delhi
ROOTER,"['PIYUSH KUMAR', 'AKSHAT GOEL']",http://www.rooter.io/,
ROUTOFY SERVICES,"['ABHISHEK AGGARWAL', 'RONAK GUPTA', 'AKASH GUPTA']",http://www.routofy.com,New Delhi
ROUTOFY,"['ABHISHEK AGGARWAL', 'RONAK GUPTA', 'AKASH GUPTA']",http://www.routofy.com,New Delhi
SAAHAS,[],http://saahas.org/,Bangalore
SALEBHAI INTERNET,"['VISHWAVIJAY SINGH', 'PURBA KALITA']",http://www.salebhai.com/,Ahmedabad
SALEBHAI,"['VISHWAVIJAY SINGH', 'PURBA KALITA']",http://www.salebhai.com/,Ahmedabad
SAMPURN(E)ARTH ENVIRONMENTAL SOLUTIONS,"['JAYANTH NATARAJU', 'RITVIK RAO', 'DEBARTHA BANERJEE']",http://www.sampurnearth.com/,Mumbai
SAMPURNEARTH ENVIRONMENT SOLUTIONS,"['JAYANTH NATARAJU', 'RITVIK RAO', 'DEBARTHA BANERJEE']",http://www.sampurnearth.com/,Mumbai
SARAL DESIGNS,"['KARTIK MEHTA', 'SUHANI MOHAN']",http://www.saraldesigns.in/,Mumbai
SATVACART INNOVATIVE CONCEPTS,['RAHUL HARI'],http://www.satvacart.com/,Gurgaon
SATVACART,['RAHUL HARI'],http://www.satvacart.com/,Gurgaon
SAVVYMOB,"['BIKRAM SOHAL', 'GAPPAN ANNAMALAI']",http://savvymob.com/,Bangalore
SCRIPBOX,['SANJIV SINGHAL'],https://scripbox.com/,Bangalore
SELEKT,"['RAVI SEKHAR K V', 'SUVINDH SUDEVAN', 'SAMBASIVA RAO P', 'SAI PRASANTH D']",https://www.selekt.in,Mumbai
SENSARA TECHNOLOGIES INDIA,['BHARATH KUMAR MOHAN'],https://sensara.co/about/,Bengaluru
SENSARA,['BHARATH KUMAR MOHAN'],https://sensara.co/about/,Bengaluru
SENZIBLE MARKETING,[],https://Bonmonte.com,
SHAADISAGA,[],http://www.shaadisaga.com/,New Delhi
SHABDANAGARI,"['NIKHIL TIWARI', 'AMITESH MISHRA', 'KALPNESH GUPTA']",http://www.shabdanagari.in/,Kanpur
SHADOWFAX TECHNOLOGIES,"['ABHISHEK BANSAL', 'VAIBHAV KHANDELWAL']",http://shadowfax.in/,Gurgaon
SHADOWFAX,"['ABHISHEK BANSAL', 'VAIBHAV KHANDELWAL']",http://shadowfax.in/,Gurgaon
SHEPHERTZ TECH,['SIDDHARTHA CHANDURKAR'],http://www.shephertz.com,Palo Alto
SHEPHERTZ,['SIDDHARTHA CHANDURKAR'],http://www.shephertz.com,Palo Alto
SHEROES,['SAIREE CHAHAL'],https://sheroes.in/,
SHIELDSQUARE,"['JYOTI KAKATKAR', 'VASANTH KUMAR GOPALAKRISHNAN', 'SRIKANTH KONIJETI', 'PAVAN THATHA', 'RAKESH THATHA']",http://www.shieldsquare.com,Bangalore
SHILPMIS TECH,[],,
SHIPLER TECHNOLOGY,"['SREERAJ NAIR', 'SIDDHAARTHAN N']",http://www.proximove.com,Coimbatore
SHOEKONNECT,[],http://shoekonnect.tumblr.com/,New York
SHOP,['JR RIDINGER'],http://shop.com,Limerick
SHOPKIRANA,"['TANUTEJAS SARASWAT', 'DEEPAK DHANOTIYA', 'SUMIT GHORAWAT']",http://shopkirana.com/,Indore
SHOPO,['THEYAGARAJAN S'],http://shopo.in,Chennai
SHOPSENSE,"['HARSH SHAH', 'SREERAMAN MG', 'FAROOQ ADAM']",http://shopsense.co,Mumbai
SHOPSITY TECH,"['GAURAV ARYA', 'DANISH AHMED']",http://shopsity.com/,Gurgaon
SHOPSITY,"['GAURAV ARYA', 'DANISH AHMED']",http://shopsity.com/,Gurgaon
SHOPWATI,"['ANKIT BAJAJ', 'MEHAK SURI']",http://www.shopwati.com/,Gurgaon
SHUTTL,['DEEPANSHU MALVIYA'],http://shuttl.com/,Gurgaon
SIGNATURE TECHNOLOGY GROUP (STG),[],http://signaturetechnology.com,Phoenix
SIGTUPLE TECHNOLOGIES,"['ROHIT PANDEY', 'APURV ANAND', 'TATHAGATO DASTIDAR']",https://www.sigtuple.com,Bangalore
SIGTUPLE,"['ROHIT PANDEY', 'APURV ANAND', 'TATHAGATO DASTIDAR']",https://www.sigtuple.com,Bangalore
SILLYMONKS,['SANJAY REDDY'],https://sillymonks.com/,Hyderabad
SILVERPUSH,"['ALEX MODON', 'MUDIT SETH', 'HITESH CHAWLA']",http://silverpush.com,Mountain View
SIMPLI5D TECHNOLOGIES,"['AMIT MITTAL', 'SIDHARTH OSWAL']",http://nlpcaptcha.com,Gurgaon
SIMPLYSMART TECHNOLOGY,[],,
SIRIONLABS,['AJAY AGRAWAL'],http://sirionlabs.com,Dublin
SKEDOOL-IT,"['NAVEEN ALLURI', 'DEEPTI YENIREDDY']",https://www.myally.ai,Seattle
SKEDOOL,"['NAVEEN ALLURI', 'DEEPTI YENIREDDY']",https://www.myally.ai,Seattle
SKILLANGELS,"['PARIMALA VAGEESAN', 'SARAVANAN SUNDARAMOORTHY', 'KALPANA MURTHY']",http://www.skillangels.com,Chennai
SKRILO,['MANISH SINHA'],https://www.skrilo.com/,Haryana
SKYFI LABS,"['PAVAN PONNAGANTI', 'ADITYA CHUNDI']",http://skyfilabs.com,Bangalore
SMARTCOOKY,[],http://www.smartcooky.com/,New Delhi
SMARTIVITY LABS,"['TUSHAR A AMIN', 'ASHWINI KUMAR', 'APOORV GUPTA', 'ASHWINI KUMAR', 'RAJAT JAIN', 'RAJAT JAIN']",http://www.smartivity.in/,New Delhi
SMARTRON,['MAHESH LINGAREDDY'],http://smachines.com,Santa Clara
SMARTVIZS,['GAUTAM TEWARI'],http://www.smartvizx.com/,Noida
SMARTVIZX,['GAUTAM TEWARI'],http://www.smartvizx.com/,Noida
SMINQ INDIA SOLUTIONS,"['SHELDON DSOUZA', 'SHACHIN BHARADWAJ', 'SANTHOSH NAGARAJAN']",http://sminq.com/,Pune
SMYTTEN,"['SWAGAT SARANGI', 'SIDDHARTHA NANGIA']",http://smytten.com/,Gurgaon
SNACKIBLE,['BEERUD SHETH'],http://gupshup.me,Mumbai
SNAPBIZZ CLOUDTECH,"['PREM KUMAR', 'YASHWANTH PRAKASH']",http://www.snapbizz.com,Bangalore
SNAPSHOPR,"['VIVEK GANDHI', 'DEBASHISH PATTNAIK', 'NAVNEET SHARMA']",http://snapshopr.co/,Bangalore
SOCIAL AUDIENCE,"['ASHISH TRIVEDI', 'RAJEEV GUPTA']",http://www.ClubGecko.com,Singapore
SOCIAL COPS,"['PRUKALPA SANKAR', 'VARUN BANKA']",http://www.socialcops.com/,New Delhi
SOCIAL QUOTIENT,[],http://socialiq.com,San Diego
SOCIALCOPS,"['PRUKALPA SANKAR', 'VARUN BANKA']",http://www.socialcops.com/,New Delhi
SOCOMO TECHNOLOGIES,[],,
SOULMO SOLUTIONS,['ADITYA JULKA'],http://www.inbiopro.com/,Bangalore
SOURCEASY,"['PRANAY SRINIVASAN', 'SAMUDRA NEELAM BHUYAN', 'CHIRAG CHAMOLI']",http://sourceeasy.com,San Francisco
SOURCECODE MEDIA,['SHRADHA SHARMA'],http://yourstory.com/,Bangalore
SOURCEEASY,"['PRANAY SRINIVASAN', 'SAMUDRA NEELAM BHUYAN', 'CHIRAG CHAMOLI']",http://sourceeasy.com,San Francisco
SPARESHUB,"['ARIJIT CHAKRABORTY', 'TAPAS GUPTA']",http://www.spareshub.com,Pune
SPEEDS,[],http://speedcommerce.com,Richardson
SPIRAL CONTENT SOLUTIONS,[],,Mumbai
SPLITKART,"['MONOJEET SINHA', 'SHARIQUE KHAN']",http://www.splitkart.com/,Gurgaon
SPOTIFY,"['DANIEL EK', 'MARTIN LORENTZON']",http://www.spotify.com,Stockholm
SPUNK MEDIA,['RANJAN R REDDY'],http://qubecell.com,Mumbai
SQUADRUN SOLUTIONS,"['KANIKA JAIN', 'APURV AGRAWAL', 'VIKAS GULATI']",http://squadrun.co/,New Delhi
SQUADRUN,"['KANIKA JAIN', 'APURV AGRAWAL', 'VIKAS GULATI']",http://squadrun.co/,New Delhi
SQUARE PLUMS,"['HEMANT ATTRAY', 'RAJESH KUMAR KOTTA']",http://www.squareplums.com/#/home,Bengaluru
SQUEAKEE MEDIA,[],http://www.serpholic.com,Gurgaon
SQUEAKEE,"['KASHIF SHAIKH', 'ABRAR SHAIKH']",http://squeakee.com,Mumbai
SRIYAAN TECHNOLOGIES,"['MICHAEL ARRINGTON', 'KEITH TEARE']",http://techcrunch.com/,San Francisco
STAGE3,['SABENA PURI'],http://www.stage3.co,New Delhi
STALKBUYLOVE,['TUSHAR AHLUWALIA'],http://www.stalkbuylove.com/,New Delhi
STAQU,"['ABHISHEK SHARMA', 'ANURAG SAINI', 'PANKAJ SHARMA', 'CHETAN REXWAL', 'ATUL RAI']",http://www.staqu.com/,Gurgaon
STAY SIMPLE RESORTS,[],http://www.staysimple.in/,Bangalore
STAYABODE,"['VIRAL CHHAJER', 'VARUN BHALLA']",http://stayabode.com/#home,Bangalore
STELAE TECHNOLOGIES,['ARUNA SCHWARZ'],http://stelae-technologies.com/,London
STITCHWOOD,"['AJIT SHEGAONKAR', 'VIKAS NAIR']",https://www.stitchwood.com/,Mumbai
STUDIO COPPRE,[],http://coppre.in,Pune
STYLEDOTME FASHION AND LIFESTYLE,['MEGHNA SARAOGI'],http://styledotme.com/,Delhi
STYLEDOTME,['MEGHNA SARAOGI'],http://styledotme.com/,Delhi
STYLOFIE,"['BALAJI SRINIVASAN', 'PRATEEK AGARWAL', 'SAURAV DEY']",http://stylofie.com,Gurgaon
SUNSHINE TEAHOUSE,[],,
SUPERHERO BRANDS,"['KARAN RAI', 'JAINEEL AGA', 'SUMIT SHAH']",http://www.planetsuperheroes.com/,Mumbai
SUPR DAILY,"['PUNEET KUMAR', 'SHREYAS NAGDAWANE']",http://www.suprdaily.com/,Mumbai
SUPRUK FITNESS AND TECH,"['ASISH MOHAPATRA', 'RUCHI KALRA', 'CHANDRANSHU SINHA', 'NITIN JAIN', 'BHUVAN GUPTA', 'RUCHI KALRA', 'VASANT SRIDHAR', 'SRINATH RAMAKKRUSHNAN']",https://www.ofbusiness.com,Gurgaon
SWARMX,"['PULKIT JAISWAL', 'NIGEL WYLIE']",http://www.swarmx.co/,Singapore
SWIFTSHIFT,"['DAN SANDHU', 'ASSAF SHALVI']",http://swiftshift.com,New York
SWITCHME TECHNOLOGIES AND SERVICES,['ADITYA MISHRA'],https://www.switchme.in/,Andheri
SWITCHME,['ADITYA MISHRA'],https://www.switchme.in/,Andheri
SYONA COSMETICS,"['RAJA VARATHARAJU', 'ANURADHA BALASUBRAMANIAN']",http://www.syonacosmetics.com/,Chennai
SYSTEMANTICS,[],http://www.systemantics.com/,Bangalore
TABLEHERO INC,['DEAP UBHI'],http://tablehero.com,Mountain View
TABLEHERO,['DEAP UBHI'],http://tablehero.com,Mountain View
TAILSLIFE,['BALAJI RAMESH'],http://tailslife.com/,
TALENTNEXT,['SHEKHAR PUROHIT'],http://www.talentnext.com/,Mumbai
TANGRAMME FURNISHING SOLUTIONS,[],,
TAPCHIEF,['SHASHANK MURALI'],http://www.tapchief.com/,Bengaluru
TAPCIBO ONLINE SOLUTIONS,['BABU NARASAPPA'],http://www.nayakart.com,
TAPTAP MEALS,"['MIT GORILOVSKY', 'OLGA PEROVA']",http://taptap.me,Saint Petersburg
TARUSA WORLD,[],http://www.tarusaworld.com/,Mumbai
TATTVA SPA,['KARAN GOYAL'],http://tattvaspa.com/,Delhi
TAVAGA,"['NIHARIKA RAO', 'SHASHI SHEKHAR', 'ARIJIT SARKAR', 'SRIDHAR EATURU', 'RAVINATH DASIKA']",http://tavaga.com/,Mumbai
TAVVE-SOFTWARE,[],http://www.tavve.com,Morrisville
TAXSUTRA,"['ARUN ANANT', 'ARUN GIRI', 'AMEYA KUNTE']",http://www.taxsutra.com/,Pune
TAZZO,"['PRIYAM SARASWAT', 'SHIVANGI SRIVASTAVA', 'PRIYANK SUTHAR', 'VIKRANT GOSSAIN']",http://www.tazzobikes.com/,Hyderabad
TEABOX,['KAUSHAL DUGAR'],http://www.teabox.com,Darjeeling
TEAM INDUS,['RAHUL NARAYAN'],http://www.teamindus.in/,
TECHBINS SOLUTIONS,[],,Mumbai
TECHCLOVE TECHNOLOGIES,"['MUTHUSAMY SADAIAPPAN', 'ARAVIND SADAIAPPAN', 'UMESH FERNANDO']",https://www.beinge.com,Chennai
TECHNOSCORE,[],http://www.technoscore.com,New Delhi
TEEWE,"['SHUBHAM MALHOTRA', 'SAI SRINIVAS KIRAN G']",http://teewe.in,Kormangala
TERMSHEET,[],,Vivek Durai
TESTBOOK,"['ASHUTOSH KUMAR', 'ABHISHEK SAGAR', 'NARENDRA AGRAWAL', 'MANOJ MUNNA']",http://testbook.com,Mumbai
THATSPERSONAL,[],http://www.thatspersonal.com,Mumbai
THE BLUEBOOK,['JEFFREY J. RICE'],http://www.healthcarebluebook.com,Brentwood
THE GOURMET JAR,[],https://www.thegourmetjar.com/,Delhi
THE HOME SALON,[],http://thehomesalon.in/,Mumbai
THE KARRIER,['ARAVIND SANKA'],http://thekarrier.com/,Bangalore
THE KEN,"['SEEMA SINGH', 'ROHIN DHARMAKUMAR', 'ASHISH K MISHRA']",https://the-ken.com/,Bengaluru
THE NETWORK,[],http://www.tnwinc.com,Norcross
THE NEWS MINUTE,"['VIGNESH VELLORE', 'CHITRA SUBRAMANIAM', 'DHANYA RAJENDRAN']",http://www.thenewsminute.com/,Bangalore
THE POSTBOX,[],https://www.postbox-inc.com,
THEKARRIER,['ARAVIND SANKA'],http://thekarrier.com/,Bangalore
THEPOSTBOX,[],,Chennai
THINKBITS INTERNET TECHNOLOGIES,[],http://www.24x7itpl.com,New Delhi
THRILL PTE LTD,"['JOSH ISRAEL', 'DEVIN SERAGO']",http://www.thrillapp.com,Singapore
TICKETGOOSE,"['ARUNKUMAR ATHIAPPAN', 'KARTH EASWARAMOORTHY']",http://www.ticketgoose.com,Bangalore
TIMEMYTASK,"['MOHIT VERMA', 'SAURAV SUMAN']",http://www.timemytask.com,Mumbai
TIMESAVERZ DOTCOM,"['LOVNISH BHATIA', 'DEBADUTTA UPADHYAYA']",https://timesaverz.com/,Mumbai
TIMESAVERZ,"['LOVNISH BHATIA', 'DEBADUTTA UPADHYAYA']",https://timesaverz.com/,Mumbai
TINMEN,['MUKESH MANDA'],http://www.tinmen.in/,Hyderabad
TINYOWL TECHNOLOGY,['HARSHVARDHAN MANDAD'],http://tinyowl.com/,Mumbai
TINYSTEP,['SUHAIL ABIDI'],http://www.tinystep.in/,Bengaluru
TIP TAP TOE,"['EDDIE SIEGEL', 'ALEX WASSERMAN']",http://www.tapfwd.com,San Francisco
TIYO,"['RANA DUTTA', 'SUNIL MISHRA', 'SANDIP BODAK']",https://tiyo.in,Kolkata
TOFLO FINTECH CONSULTING,[],http://www.2om.in,
TOKO INNOVATION STUDIOS,"['ADITYA MUKHERJEE', 'AJITSEN SURENDRAN', 'ARNAV MUKHERJEE']",http://tokoinnovationstudios.com/,Delhi
TOKO INNOVATIONS STUDIOS,"['ADITYA MUKHERJEE', 'AJITSEN SURENDRAN', 'ARNAV MUKHERJEE']",http://tokoinnovationstudios.com/,Delhi
TONBO IMAGING,"['CECILIA DSOUZA', 'ANKIT KUMAR', 'SUDEEP GEORGE', 'ARVIND LAKSHMIKUMAR']",http://tonboimaging.com,Bangalore
TORK MOTORCYCLES,['KAPIL SHELKE'],http://www.torkmotorcycles.com/,Mumbai
TOUCHKIN ESERVICES,"['RAMAKANT VEMPATI', 'JO AGGARWAL']",http://www.touchkin.com/,Bangalore
TOUCHKIN,"['RAMAKANT VEMPATI', 'JO AGGARWAL']",http://www.touchkin.com/,Bangalore
TOUCHTALENT,"['MOHD WASSEM', 'ANKIT PRASAD']",http://www.touchtalent.com,New Delhi
TPOT,['ROBIN JHA'],http://www.tpot.in/,New Delhi
TRACXN TECHNOLOGIES,"['ABHISHEK GOYAL', 'NEHA SINGH']",http://tracxn.com,Palo Alto
TRACXN,"['ABHISHEK GOYAL', 'NEHA SINGH']",http://tracxn.com,Palo Alto
TRANSCELL BIOLOGICS,['SUBHADRA DRAVIDA'],http://transcell.in/,Hyderabad
TRANSPORT ON DEMAND,"['YASH VASANT', 'DHRUV TANEJA']",http://www.thetodapp.com/,Ahmedabad
TRAVELING SPOON,"['AASHI VEL', 'STEPHANIE LAWRENCE']",http://travelingspoon.com/,San Francisco
TRIDENT ANALYTICAL SOLUTIONS,[],,Kanpur
TRILYO,"['ABHISHEK MOHARANA', 'GAURAV GAMBHIR']",http://www.trilyo.com/#about,Bangalore
TRIPBAAZ TECHNOLOGIES,[],https://www.tripeasel.com,
TRIPOTO TRAVEL,"['MICHAEL PARGAL LYNGDOH', 'ANIRUDH GUPTA']",http://www.tripoto.com/,New Delhi
TRIPOTO,"['MICHAEL PARGAL LYNGDOH', 'ANIRUDH GUPTA']",http://www.tripoto.com/,New Delhi
TRUCKMANDI,"['ANURAG JAIN', 'NISHANT SINGH', 'ANKIT SINGH']",http://truckmandi.in/,New Delhi
TRUCKOLA,"['RAGHAV HIMATSINGKA', 'KESHAV HIMATSINGKA']",http://www.truckola.in/,Mumbai
TRUCKSUMO,"['MICHAEL STRONG', 'MITHUN SRIVATSA', 'NIKHIL SHIVAPRASAD']",http://www.blowhorn.net/,Bangalore
TRUEBIL,"['SURAJ KALWANI', 'RAVI CHIRANIA', 'SHUBH BANSAL', 'SHUBH BANSAL', 'RITESH PANDEY']",http://www.truebil.com/,Mumbai
TRUELANCER,['DIPESH GARG'],http://www.truelancer.com,New Delhi
TRULYMADLY MATCHMAKERS,"['SACHIN BHATIA', 'HITESH DHINGRA']",http://trulymadly.com,New Delhi
TRUMPLAB EDUSOLUTIONS,['BEERUD SHETH'],http://gupshup.me,Mumbai
TURING RESEARCH LABS,[],http://www.liporidex.com,
TWIGLY FOODS,"['ROHAN DAYAL', 'SONAL MINHAS', 'NARESH KUMAR KACHHI']",http://twigly.in/,Gurgaon
TWIGLY,"['ROHAN DAYAL', 'SONAL MINHAS', 'NARESH KUMAR KACHHI']",http://twigly.in/,Gurgaon
TWYST TECHNOLOGIES,"['RAHUL CHAKRABORTI', 'ARUN RAJAPPA']",http://twyst.in,Gurgaon
TWYST,"['RAHUL CHAKRABORTI', 'ARUN RAJAPPA']",http://twyst.in,Gurgaon
UBERDREAMS,['SAVAN DARU'],https://www.uberdreams.com/,Mumbai
UBIDA SOLUTIONS,['MUKESH CHANDRA JHA'],,
UE LIFESCIENCES,"['MIHIR SHAH', 'MATT CAMPISI']",http://www.uelifesciences.com/,Philadelphia
UNACADEMY,"['SACHIN GUPTA', 'GAURAV MUNJAL']",https://unacademy.in/,Mumbai
UNDISCLOSED - MOBILE SERVICES,[],,
UNICOMMERCE ESOLUTIONS,"['KARUN SINGLA', 'MANISH GUPTA']",http://www.unicommerce.com,New Delhi
UNIPHORE SOFTWARE SYSTEMS,"['UMESH SACHDEV', 'RAVI SARAOGI']",http://uniphore.com,Taramani
UNOCOIN,"['SATHVIK VISHWANATH', 'ABHINAND KASETI', 'SUNNY RAY', 'HARISH B V']",https://www.unocoin.com/,Tumkur
UNSPUN STRATEGIC ADVISORY SERVICES,['DR. SOM SINGH'],http://unspunmarketing.com,Harrisburg
UOLO TECHNOLOGY,['BADRISH AGARWAL'],http://www.theuolo.com,Bangalore
UOLO,['BADRISH AGARWAL'],http://www.theuolo.com,Bangalore
URBAN DHOBI SERVICES,"['SARANSH SIDHU', 'TUSHAR THETTAYIL', 'PRAKHAR PAGARIA', 'SATYAM MISHRA']",http://www.urbandhobi.in/index.php,Jaipur
URBANCLAP TECHNOLOGIES INDIA,"['VARUN KHAITAN', 'RAGHAV CHANDRA', 'ABHIRAJ BHAL']",https://www.urbanclap.com,Delhi
URBANCLAP,"['VARUN KHAITAN', 'RAGHAV CHANDRA', 'ABHIRAJ BHAL']",https://www.urbanclap.com,Delhi
URBTRANZ TECHNOLOGIES,"['SOMESHWAR DASH', 'NIKHIL TAVORA', 'ARUN GANDHI', 'SHIVALIK SEN']",http://vahanalytics.com/,Mumbai
URBTRANZ TECHNOLOGIES(VAHANALYTICS),"['SOMESHWAR DASH', 'NIKHIL TAVORA', 'ARUN GANDHI', 'SHIVALIK SEN']",http://vahanalytics.com/,Mumbai
URDOORSTEP,['DINESH MALPANI'],http://www.urdoorstep.com/,Bangalore
VACATION LABS,"['SAURABH NANDA', 'SHUBHAM SATYARTH']",http://www.vacationlabs.com/,Goa
VAHDAM TEAS,['BALA SARDA'],https://www.vahdamteas.in/,New Delhi
VAYAVYA LABS,"['UMA BONDADA', 'RK PATIL', 'VENUGOPAL KOLATHUR']",http://www.vayavyalabs.com,Belgaum
VEBBLER,[],http://vebbler.com,Bengaluru
VEE,"['NITIN GUPTA', 'NITIN GUPTA']",http://www.getvee.com,Noida
VEGETALL,['EDWIN RAJAMOHAN'],,Chennai
VEHICO,['ABHISHEK CHATTERJEE'],http://www.metaiot.com/,Bangalore
VELVETCASE,"['KAPIL HETAMSARIA', 'RUNIT SHAH']",http://velvetcase.com,Mumbai
VENTURESITY,"['RAJESH RAI', 'PRASHANT KOIRALA', 'SUBHENDU PANIGRAHI']",http://www.venturesity.com/,Bangalore
VIJAIKIRTI TECHNOLOGIES,[],https://www.tripeasel.com,
VLIV,[],http://vool.it/voolweb/public_html/footerlinks.html?q=e1,Sunnyvale
VLURN EDUCATION,['AYUSH GHOSH'],,
VOICEFRIENDS,[],http://voicefriends.in/,Mumbai
VOOL,[],http://vool.it/voolweb/public_html/footerlinks.html?q=e1,Sunnyvale
VOONIK TECHNOLOGIES,"['SUJAYATH ALI', 'NAVANEETHA KRISHNAN']",http://www.voonik.com,Bengaluru
VOONIK,"['SUJAYATH ALI', 'NAVANEETHA KRISHNAN']",http://www.voonik.com,Bengaluru
VOW CARCLINIC,"['HARMEET SINGH HORA', 'ABHISHEK MENON RAMACHANDRAN']",http://www.vowcarclinic.com,Gurgaon
VOXAPP,"['RITESH KADMAWALA', 'MADHU SUDHAN']",http://voxapp.com,New Delhi
VPHRASE ANALYTICS SOLUTIONS,['NEERAV PAREKH'],http://www.vphrase.com,Mumbai
VSERV,"['DIPPAK KHURANA', 'ASHAY PADWAL']",http://vserv.com,Mumbai
VYOME BIOSCIENCES,"['SHILADITYA SENGUPTA', 'VENKATESWARLU NELABHOTLA']",http://www.vyome.in/,Delhi
VYOMO,"['POONAM MARWAH', 'ABHINAV KHARE']",http://vyomo.com,Bangalore
WEALTHAPP,[],https://wealthapp.com,Bengaluru
WEALTHY,"['AMIT MONDAL', 'BALAJI KOUSTUBHA', 'SOMIT SRIVASTAVA', 'MOHIT SHAH', 'ADITYA AGARWAL', 'TARUN KHERA', 'PRASHANT GUPTA']",https://www.wealthy.in,Bangalore
WEAREHOLIDAYS,"['HARKIRAT SINGH', 'HARKIRAT SINGH', 'MOHIT PIPLANI', 'DEEPAK WADHWA']",http://weareholidays.co.in,New Delhi
WEBBING LABS,[],http://webbinglabs.com,Jerusalem
WEBKLIPPER,[],http://webklipper.com,Mumbai
WEDDINGWISHLIST,['KANIKA SUBBIAH'],https://www.weddingwishlist.com/,Chennai
WEDMEGOOD,"['ANAND SHAHANI', 'MEHAK S SHAHANI']",http://www.wedmegood.com,Gurgaon
WEHIVE TECHNOLOGIES,[],,
WELLSPRING,"['MATT HAMILTON', 'ROBERT LOWE', 'SANDI LOWE']",http://www.wellspring.com,Chicago
WETRAVELSOLO,['SHEFALI WALIA'],http://www.wetravelsolo.com/,Noida
WHISTLE TALK TECHNOLOGIES,"['GORDON RITTER', 'BEN JACOBS', 'STEVEN EIDELMAN', 'KEVIN LLOYD']",http://www.whistle.com,San Francisco
WIGZO,['UMAIR MOHAMMED'],http://www.wigzo.com/,Singapore
WILD EAST GROUP,['SID SHAH'],http://www.wildeastgroup.com/home,Mumbai
WINWIN RIDES,"['SANJAY KUMAR KEDIA', 'DEEPESH ARORA']",http://www.gozocabs.com,Gurgaon
WIRED HUB CO-WORKING SPACES,"['D. KEITH CASEY, JR.']",,Austin
WIRED HUB,"['LOUIS ROSSETTO', 'JANE METCALFE']",http://wired.com,San Francisco
WISEWORKS TECHNOLOGY,"['ROHAN ADLAKHA', 'SAYANTAN SARKAR']",http://capzest.com/,Mumbai
WISEWORKS TECHNOLOGY(CAPZEST),"['ROHAN ADLAKHA', 'SAYANTAN SARKAR']",http://capzest.com/,Mumbai
WISHBERRY,"['ANSHULIKA DUBEY', 'PRIYANKA AGARWAL']",https://www.wishberry.in/,Mumbai
WISHUP,"['VIVEK GUPTA', 'NEELESH RANGWANI']",http://www.wishup.in/,Azadpur
WITH EASE TECHNOLOGIES INDIA,[],http://www.easetech.com,Princeton
WITHME,['JONATHAN JENKINS'],http://www.with.me/,Las Vegas
WITTYPARROT,"['RAJESH SETTY', 'ANIL JWALANNA']",http://wittyparrot.com,Cupertino
WITWORKS,"['ANKIT D P', 'SOMNATH MEHER', 'CHANDRASHEKHAR IYER']",http://blink.watch,Bangalore
WIWIGO,['SUNIL CHAULA'],https://www.wiwigo.com/,Delhi
WIZROCKET,"['SUNIL THOMAS', 'ANAND JAIN', 'SURESH KONDAMUDI']",https://clevertap.com/,Sunnyvale
WOOPLR,"['SOUMEN SARKAR', 'PRAVEEN RAJARETNAM', 'ANKIT SABHARWAL', 'ARJUN ZACHARIA']",http://www.wooplr.com,Bangalore
WOOTIFY TECHNOLOGIES,"['NEERAJ SABHARWAL', 'NITIN JAIN', 'RONAK SAMANTRAY', 'RONAK KUMAR SAMANTRAY', 'JASMINDER GULATI']",http://www.nowfloats.com,Hyderabad
WORK ADVANTAGE,"['SMITI DEORAH', 'SOURABH DEORAH']",https://secure.workadvantage.in/home,Gurgaon
WORLD ONE RETAIL,[],http://www.noidaworldone.com/,Noida
WOWWAY LABS,[],http://www.wowway.com,Basehor
WRIG NANOSYSTEMS,[],http://www.truehb.com/,New Delhi
WUDSTAY TRAVELS,['PRAFULLA MATHUR'],http://wudstay.com/,Gurgaon
XSI SEMI CONDUCTORS,"['HRISHIKESH BHAGWAT', 'KRISHNADAS B']",http://xsisemiconductors.com,Bangalore
XSI SEMICONDUCTORS,"['HRISHIKESH BHAGWAT', 'KRISHNADAS B']",http://xsisemiconductors.com,Bangalore
YOURDOST HEALTH SOLUTIONS,"['RICHA SINGH', 'SATYAJEET NANDEKAR', 'PUNEET MANUJA', 'PRAKHAR VERMA']",https://yourdost.com,Bangalore
YOURDOST,"['RICHA SINGH', 'SATYAJEET NANDEKAR', 'PUNEET MANUJA', 'PRAKHAR VERMA']",https://yourdost.com,Bangalore
YOUTHKIAWAAZ,['ANSHUL TEWARI'],http://www.youthkiawaaz.com/,New Delhi
YUFTA,"['RAVI KHANDELWAL', 'RITESH KHANDELWAL']",https://www.yufta.com,Jaipur
YUMIGO,"['RISHABH SOOD', 'PRATYUSH KUKREJA']",http://www.yumigo.com,Haryana
YUMIST FOODTECH,"['ABHIMANYU MAHESHWARI', 'ALOK JAIN']",http://www.yumist.com/,Gurgaon
YUMLANE,['HITESH AHUJA'],http://www.yumlane.in,Mumbai
YUPPTV,[],http://www.yupptv.com,Alpharetta
ZAPPKA,"['ARVIND PAL SINGH', 'RAJAN GUPTA']",http://www.zappka.com/,Gurgaon
ZAPSTITCH TECHNOLOGIES,"['SATYA PADMANABHAM', 'RAVI MADABHUSHI']",https://www.pipemonk.com,Palo Alto
ZENATIX SOLUTIONS,"['RAHUL BHALLA', 'AMARJEET SINGH', 'VISHAL BANSAL']",http://zenatix.com/,Haryana
ZENATIX,"['RAHUL BHALLA', 'AMARJEET SINGH', 'VISHAL BANSAL']",http://zenatix.com/,Haryana
ZENDRIVE TECHNOLOGIES INDIA,"['PANKAJ RISBOOD', 'JONATHAN MATUS']",http://www.zendrive.com,San Francisco
ZEPO,['NITIN PURSWANI'],http://www.zepo.in,Mumbai
ZEROINFY,[],http://zeroinfy.com/home/,Kolkata
ZERONINES TECHNOLOGY,['ALAN GIN'],http://www.zeronines.com,Greenwood Village
ZIFY TECH SOLUTIONS,"['PRAMOD KUMAR', 'ANURAG SINGH RATHOR']",https://zify.co,Paris
ZINGHR,['PRASAD RAJAPPAN'],http://zinghr.com/,Mumbai
ZIPDIAL,"['SANJAY SWAMY', 'VALERIE WAGONER', 'AMIYA PATHAK']",http://www.zipdial.com,Bangalore City
ZIPI,"['PRANAV SINGHI', 'SUKRAT RAY', 'VARUN SINGH BOTHIYAL', 'SUMAY DUBEY', 'SIDDHARTH RAY']",http://zipiapp.in/,Indore
ZIPLOAN,"['SHALABH SINGHAL', 'KSHITIJ PURI']",https://ziploan.in/,Delhi
ZOCALO,['UDAY LAKKAR'],http://zocalo.in/,Gurgaon
ZOCTR HEALTH,['NIDHI SAXENA'],http://zoctr.com,Powai
ZOOMCAR INDIA,"['DAVID BACK', 'GREG MORAN']",http://www.zoomcar.in,Bangalore
ZOPHOP,['VINAYAK BHAVNANI'],http://www.getmyeta.com,Mumbai
ZOSTEL HOSPITALITY,"['DHARAMVEER CHAUHAN', 'PAAVAN NANDA', 'TARUN TIWARI', 'SIDDHARTH JANGHU', 'AKHIL MALIK']",http://zostel.com/,Jaipur
ZOSTEL,"['DHARAMVEER CHAUHAN', 'PAAVAN NANDA', 'TARUN TIWARI', 'SIDDHARTH JANGHU', 'AKHIL MALIK']",http://zostel.com/,Jaipur
ZUPERMEAL,['PRABHAKAR BANERJEE'],http://www.zupermeal.com,Andheri
ZUPP SHOP,"['OJAL SUTHAR', 'MILLIN PANWAR']",http://www.gozopping.com,Udaipur City
ZUPPLER,['SHIVA SRINIVASAN'],http://zuppler.com,Conshohocken
